id,xcentroid,ycentroid,sharpness,roundness1,roundness2,npix,sky,peak,flux,mag,xcenter,ycenter,aperture_sum,aperture_sum_mask,aperture_sum_edge,ra,dec,aperture_sum_0,aperture_sum_1,aperture_sum_2,aperture_sum_3,aperture_sum_4,aperture_sum_5,aperture_sum_6,aperture_sum_7,aperture_sum_8,aperture_sum_9,aperture_sum_10
1,1180.387096764197,6.047546881341886,0.6144209670646141,-0.3482381373503642,-0.09345056365514304,49,0.0,0.10484602827763445,15.38428145120137,-2.96769304150325,1180.387096764197,6.047546881341886,1178.0882657220181,0.0,0.0,63.29099305633123,14.741252799284567,0.0,0.0,0.0,0.0,0.0,0.0,0.0,0.0,481.00975936578254,620.1652585567003,76.91324779953533
2,837.2244193419286,11.869385551980143,0.767829180990056,-0.9429313660391991,-0.27167337641797906,49,0.0,0.010015477916071653,1.1212387722023898,-0.12424526790080528,837.2244193419286,11.869385551980143,321.23651612693266,0.0,0.0,63.438834975920635,14.743516344641792,0.0,0.0,0.0,0.0,0.0,0.0,0.0,0.0,136.25419975745115,161.4166341692613,23.56568220022026
3,62.76856219672074,55.30491621275325,0.7965679352582474,-0.8555577794996572,-0.038768410218588616,49,0.0,0.009718738373227271,1.0202786040063536,-0.021796948181959857,62.76856219672074,55.30491621275325,307.8383351415736,0.0,0.0,63.772520951168254,14.760900599981273,0.0,0.0,0.0,0.0,0.0,0.0,0.0,0.0,126.33942654112204,154.62902914492037,26.869879455531223
4,1998.8501626985262,72.92593041161385,0.2683870470911096,0.14513778495049623,-0.10557919658092059,49,0.0,0.004987076628062021,1.051358434286901,-0.054377007707844593,1998.8501626985262,72.92593041161385,526.3889959608432,0.0,173.0909024244329,62.93836155858773,14.769122174981181,0.0,0.0,0.0,0.0,0.0,0.0,151.67396707212453,128.73170155913397,98.85378850976616,125.26094320042023,21.86859561939835
5,1059.187881317764,101.762382650527,0.5048421179197119,-0.07392732391791293,0.409757271802642,49,0.0,0.016565720493934698,2.3813870342443293,-0.9420749618183183,1059.187881317764,101.762382650527,453.09032247083906,0.0,0.0,63.343251926121,14.781082159706376,0.0,0.0,0.0,0.0,0.0,0.0,0.0,0.0,179.94869337182928,236.9365566484379,36.205072450571876
6,1988.0241399375816,126.1587378885428,0.5920339409721951,0.05447488269703728,0.4790574442317369,49,0.0,0.010237226465510943,1.0292056129206055,-0.03125536508022459,1988.0241399375816,126.1587378885428,619.8756223398016,0.0,218.3721580728852,62.94300844163658,14.791303171899497,0.0,0.0,0.0,0.0,0.0,0.0,143.4001987672866,215.45672522007908,105.57886867066466,136.44098907818523,18.99884060358602
7,1970.9343905847195,154.34939948057146,0.9130595879156419,0.16047625813396688,0.5004145943951335,49,0.0,0.010837615194048132,1.0689730100647545,-0.0724168501877103,1970.9343905847195,154.34939948057146,497.4308673446012,0.0,119.32016747544394,62.95036375112824,14.803053091885548,0.0,0.0,0.0,0.0,0.0,0.0,176.7715124721198,96.80882653184737,83.05185299992216,124.59157018350322,16.207105157208595
8,2745.044142978455,186.0077564363942,0.8237186861759738,0.028703800373927894,-0.2730558979848522,49,0.0,0.015920964383036546,1.801359504463627,-0.6390009883563209,2745.044142978455,186.0077564363942,310.642134777152,0.0,0.0,62.61674407856586,14.815772686221374,0.0,0.0,0.0,0.0,0.0,0.0,160.87687920636233,149.76525557078975,0.0,0.0,0.0
9,639.5920396959358,194.33259875579702,0.7053375277276828,-0.21850779302956613,0.24655771685045064,49,0.0,0.01320493971365295,1.6326989818955746,-0.532265304841898,639.5920396959358,194.33259875579702,347.91962899923305,0.0,0.0,63.5241271482299,14.819395830068883,0.0,0.0,0.0,0.0,0.0,0.0,0.0,0.0,150.36158096203224,177.42862411648588,20.129423920714952
10,2816.480103811535,195.9358090658973,0.49146057639873864,0.10146146220626082,-0.35918054219559237,49,0.0,0.008067099643116797,1.1731337496957188,-0.17336882279399757,2816.480103811535,195.9358090658973,289.3172480448948,0.0,0.0,62.58594905238937,14.819841203688068,0.0,0.0,0.0,0.0,0.0,0.0,135.31305543080336,154.00419261409144,0.0,0.0,0.0
11,813.6444653287857,205.98722986244297,0.563212572092048,-0.11622543143279693,0.030172212113066255,49,0.0,0.011335071644556083,1.5853551697023551,-0.5003164328865379,813.6444653287857,205.98722986244297,340.79397670412914,0.0,0.0,63.44912494141269,14.82437325674428,0.0,0.0,0.0,0.0,0.0,0.0,0.0,0.0,125.51463819386811,179.958639516715,35.320698993546024
12,1965.2557912082148,241.63766203117208,0.4205244527911995,-0.0797801369269487,-0.07255870121306149,49,0.0,0.007628465288530484,1.0429973260534682,-0.045707987553114636,1965.2557912082148,241.63766203117208,513.7889217244865,0.0,185.2914787483263,62.95278348756359,14.839420950764639,0.0,0.0,0.0,0.0,0.0,0.0,122.69061529137957,133.0564169115365,108.14057264157353,133.76154499078206,16.13977188921485
13,2339.7395843830477,252.26154892152894,0.502789887662625,-0.3237026024547169,0.031611784070275574,49,0.0,0.2961047515023518,44.77049397609099,-4.1274797155156255,2339.7395843830477,252.26154892152894,4449.234189581052,0.0,0.0,62.79136880959698,14.843681139813715,0.0,0.0,0.0,0.0,0.0,0.0,1049.783594213673,1075.1134582788686,957.7505175503858,1196.5671086838056,170.0195108543191
14,1951.1850062029139,314.73547930443846,0.26378577114141744,-0.3494286373017965,-0.5217586885236319,49,0.0,0.006212211270340312,1.2436673525157262,-0.23676058455736557,1951.1850062029139,314.73547930443846,554.5216623877393,0.0,157.05146469939228,62.95882617978067,14.869879491743076,0.0,0.0,0.0,0.0,0.0,0.0,181.81023603468233,135.11262703582972,84.77031630580886,135.19971959959295,17.628763411825386
15,2993.9420246991535,345.6199378431085,0.8561786601780649,-0.22942605347982115,-0.1306846305177124,49,0.0,0.043290453250589604,4.7830604095503375,-1.6992646650006762,2993.9420246991535,345.6199378431085,540.6884475337054,0.0,0.0,62.50929373757075,14.882014723408721,0.0,0.0,0.0,0.0,0.0,0.0,252.7664980975189,287.92194943618654,0.0,0.0,0.0
16,1949.1055454529444,347.24560304424693,0.5857018754121339,-0.020279791728682953,0.3198695507517951,49,0.0,0.009222944756224176,1.1971691583283721,-0.19538879986339075,1949.1055454529444,347.24560304424693,586.0386271654604,0.0,177.74975779879713,62.95971283266202,14.883424760220768,0.0,0.0,0.0,0.0,0.0,0.0,175.24624676534592,156.33244684412546,98.45242118364578,139.8024828099488,16.205029562394433
17,256.38987217409885,361.721378953428,0.5408450759988842,-0.5603367419620545,-0.08775262773205474,49,0.0,0.26825209463310706,40.17925830511134,-4.010004788909469,256.38987217409885,361.721378953428,3434.630090130073,0.0,0.0,63.6894614317912,14.888777123526912,0.0,0.0,0.0,0.0,0.0,0.0,0.0,0.0,1447.8242056607396,1758.260268173155,228.54561629617785
18,3052.0123241055517,371.7283742227012,0.5699751269110347,-0.1467457901121451,-0.17288905769510207,49,0.0,0.015076837999816356,2.1811334412307795,-0.8467055910643352,3052.0123241055517,371.7283742227012,342.10605177190257,0.0,0.0,62.48422916465592,14.892825198031744,0.0,0.0,0.0,0.0,0.0,0.0,159.9926897174443,182.11336205445826,0.0,0.0,0.0
19,2931.848114642236,372.9932030520664,0.4425044944411485,-0.34113627403419355,-0.18504440663397795,49,0.0,0.11046797252143623,19.28952737859878,-3.2133039673236685,2931.848114642236,372.9932030520664,1611.5875249073965,0.0,0.0,62.536028933861424,14.893486853569874,0.0,0.0,0.0,0.0,0.0,0.0,777.3045450659085,834.2829798414879,0.0,0.0,0.0
20,626.4502559116837,375.1450782929327,0.5170337582099228,-0.4136978132989732,-0.12808033215461695,49,0.0,0.10927801342477768,17.708880591989466,-3.120477773939767,626.4502559116837,375.1450782929327,1455.2243171463788,0.0,0.0,63.52994243476686,14.894715231749299,0.0,0.0,0.0,0.0,0.0,0.0,0.0,0.0,620.2660191548562,735.7556924822484,99.2026055092742
21,1875.5606395240886,389.37089313990845,0.48060573440435095,-0.4221341704274056,-0.029898873308889826,49,0.0,0.23750592825306216,39.89326771254489,-4.0022490285662045,1875.5606395240886,389.37089313990845,3019.6402178969142,0.0,0.0,62.991408845411655,14.90099398431853,0.0,0.0,0.0,0.0,0.0,0.0,0.0,0.0,1220.9164199684014,1583.7118668580802,215.01193107043287
22,2291.9793752958826,400.29493203212763,0.5494941434393533,-0.41724945170161415,-0.0852428158086556,49,0.0,0.05239753757158456,6.969009737881999,-2.107927678413198,2291.9793752958826,400.29493203212763,1108.7280054960752,0.0,0.0,62.81186615870656,14.905383009389078,0.0,0.0,0.0,0.0,0.0,0.0,272.79451941215814,271.2859030163165,234.22985152060505,289.6164919343487,40.801239612646704
23,2624.927972186829,420.5151736025079,0.6380026987067587,-0.5076441795947944,-0.18309583029418428,49,0.0,0.029278064349338707,3.8940040558613638,-1.4759909988262958,2624.927972186829,420.5151736025079,491.8365154643061,0.0,0.0,62.66830063355101,14.913576862215484,0.0,0.0,0.0,0.0,0.0,0.0,227.23598016958357,264.60053529472253,0.0,0.0,0.0
24,2001.737123916476,427.2958831636178,0.5374987812443104,-0.45549286278716367,0.010751140504570664,49,0.0,0.32092153448202865,44.424638357849176,-4.1190597527110855,2001.737123916476,427.2958831636178,5175.466264908004,0.0,2084.9397662039364,62.93699516734626,14.916760404399334,0.0,0.0,0.0,0.0,0.0,0.0,1204.5651819175691,1247.3260860189978,1131.0201936157202,1392.0367059777186,200.51809737799823
25,1189.1222947890953,430.9011011564777,0.43903281094504265,-0.36938295062029375,0.009407186131929124,49,0.0,0.010910424282523725,1.667887189134788,-0.5554166823114084,1189.1222947890953,430.9011011564777,357.31276687806974,0.0,0.0,63.28738033153021,14.918259136814664,0.0,0.0,0.0,0.0,0.0,0.0,0.0,0.0,131.7941088107956,200.57807560891388,24.94058245836019
26,2259.911905435828,451.2199577855686,0.6454475113940378,-0.27832566177679086,0.006376749516572725,49,0.0,0.09133548796436325,11.67811144137829,-2.668431538254244,2259.911905435828,451.2199577855686,1517.255427608029,0.0,0.0,62.82566302871827,14.926617427005748,0.0,0.0,0.0,0.0,0.0,0.0,336.27637845975454,378.28682609783596,318.48581780919886,420.1054312614516,64.10097397978807
27,1729.8599558176365,463.987293112392,0.4736940404875622,-0.27150061361316996,-0.541958438869818,49,0.0,2.384435473651865,286.5192714464835,-6.142884595439078,1729.8599558176365,463.987293112392,69168.89798840057,0.0,0.0,63.05421913897542,14.932105623574154,0.0,0.0,0.0,0.0,0.0,0.0,0.0,0.0,28413.040334888567,35913.14592293634,4842.711730575643
28,743.8252192254041,465.8210495075421,0.6981327793090886,-0.17502605313765737,0.13415819698984144,49,0.0,0.042154670304656895,5.2580024995176275,-1.8020519705567342,743.8252192254041,465.8210495075421,618.1870319742636,0.0,0.0,63.479407086076186,14.932579895309654,0.0,0.0,0.0,0.0,0.0,0.0,0.0,0.0,247.4434710947334,325.8722009603227,44.87135991920754
29,1838.081114790678,484.95212193403097,0.2403556852963447,-0.2084472261544058,-0.15229138204188442,49,0.0,0.011457020416450078,2.4828087568729624,-0.9873581711845782,1838.081114790678,484.95212193403097,423.96897774597016,0.0,0.0,63.007548485235446,14.940824325918522,0.0,0.0,0.0,0.0,0.0,0.0,0.0,0.0,167.14249748419786,233.08343106870217,23.743049193070142
30,2461.430308213903,512.9920667229029,0.7668164610241258,-0.11668514178010182,-0.09364641337596372,49,0.0,0.009648293468551944,1.08196061614104,-0.08552863135355124,2461.430308213903,512.9920667229029,286.6485500730127,0.0,0.020201645551257145,62.73872475185939,14.9522298352824,0.0,0.0,0.0,0.0,0.0,0.0,140.6111995539237,139.43960281098018,6.597747708108795,0.0,0.0
31,2424.3965023945334,537.4160531869895,0.567599934146945,-0.23728013213605184,-0.08238634140299889,49,0.0,0.987650606976305,138.00335037589858,-5.349724075280308,2424.3965023945334,537.4160531869895,13758.46690439089,0.0,770.3932938597247,62.754677808317176,14.962430920387558,0.0,0.0,0.0,0.0,0.0,0.0,5726.863529632445,5923.416863966692,72.02084673592279,1531.9874989460154,504.1781651098149
32,2447.340381898244,593.9210783793892,0.6349587741177645,-0.4503517315636889,-0.041158026631795804,49,0.0,0.018042280173884456,2.264820886025233,-0.8875846535247284,2447.340381898244,593.9210783793892,392.9493180959537,0.0,0.0,62.744741761936226,14.985957347930182,0.0,0.0,0.0,0.0,0.0,0.0,195.1188690811274,197.83044901482626,0.0,0.0,0.0
33,271.85291535518184,618.9447646649544,0.49156450830961795,-0.7310090639525587,-0.2412772620898113,49,0.0,0.037815814939245684,5.68913859073479,-1.8876162839088972,271.85291535518184,618.9447646649544,785.2649345996626,0.0,0.0,63.68309023555251,14.995957782662705,0.0,0.0,0.0,0.0,0.0,0.0,0.0,0.0,322.73516417518977,406.7659705697055,55.76379985476729
34,969.4284881333127,621.1024490717319,0.32246998209941785,-0.5603319608935294,-0.2585124727350701,49,0.0,0.08247254548730386,16.366370295062197,-3.0348809325534063,969.4284881333127,621.1024490717319,1494.9103068667564,0.0,0.0,63.3822110804643,14.997411516896436,0.0,0.0,0.0,0.0,0.0,0.0,0.0,0.0,645.5481071944037,735.8543737830414,113.50782588931136
35,124.92134139028678,630.1580791902296,0.6955102627967518,-0.7022868184282777,-0.5482426090463544,49,0.0,0.013152221736427168,1.5309814007982256,-0.46242478670684894,124.92134139028678,630.1580791902296,377.00354448398934,0.0,0.0,63.74647598956684,15.000462281418649,0.0,0.0,0.0,0.0,0.0,0.0,0.0,0.0,175.28342759065356,178.28694393272627,23.43317296060949
36,3034.6318499358667,652.8031457390102,0.36370682649574393,0.026266818978473515,-0.09802829318389004,49,0.0,0.006588502708053676,1.271649152591668,-0.2609182654841075,3034.6318499358667,652.8031457390102,260.2747501711957,0.0,0.0,62.49137404767747,15.00994566617502,0.0,0.0,0.0,0.0,0.0,0.0,127.68031703946235,132.59443313173335,0.0,0.0,0.0
37,479.6718211639382,661.4643062408268,0.9844056349333009,-0.19900608176446558,0.08395551815012363,49,0.0,0.022524460603726718,2.0746012886917313,-0.7923366083319007,479.6718211639382,661.4643062408268,404.1238825867389,0.0,0.0,63.593496846812535,15.013879327466157,0.0,0.0,0.0,0.0,0.0,0.0,0.0,0.0,173.65992391383963,203.4606716279531,27.00328704494612
38,3019.412450118727,678.4824711968184,0.313201502028906,-0.058804607901441264,0.2083633506493878,49,0.0,0.006789160555799094,1.3803684867620003,-0.3499875899259193,3019.412450118727,678.4824711968184,281.0194855290573,0.0,0.0,62.497907148155974,15.020661914713287,0.0,0.0,0.0,0.0,0.0,0.0,135.15290288960915,145.86658263944815,0.0,0.0,0.0
39,1955.9599325325294,685.6779194426106,0.3100729903021306,0.5219639832213354,0.52687531069704,49,0.0,0.007298747414524278,1.4251285627523698,-0.38463511099364295,1955.9599325325294,685.6779194426106,469.2592184128731,0.0,127.62884025753142,62.95665410231775,15.024426941527372,0.0,0.0,0.0,0.0,0.0,0.0,95.21671209860756,116.66509175269505,94.00323692962203,144.0478146694865,19.32636296246188
40,840.2923225028375,687.6307780127352,0.572401805824037,-0.2344666007511476,-0.06104038191720023,49,0.0,0.015734553642912687,2.117054806387111,-0.8143302529883005,840.2923225028375,687.6307780127352,386.32488301765,0.0,0.0,63.437955969606364,15.025056968956129,0.0,0.0,0.0,0.0,0.0,0.0,0.0,0.0,148.92559436430673,216.15075593800196,21.248532715341277
41,1169.3691223864712,697.1880913223748,0.7332886207224959,0.0449584253409636,-0.09808767074419333,49,0.0,0.021627298732760092,2.5462472464799846,-1.0147514309025394,1169.3691223864712,697.1880913223748,408.9457107998671,0.0,0.0,63.295996537260415,15.029198408359845,0.0,0.0,0.0,0.0,0.0,0.0,0.0,0.0,159.05222206433865,215.222167497398,34.67132123813042
42,2730.642949078235,732.0319778543653,0.42142448400242927,-0.4367616746928007,0.16892718038859245,49,0.0,0.0066757234169884105,1.0890306826787097,-0.0926002896794652,2730.642949078235,732.0319778543653,303.10655005607674,0.0,0.0,62.622418206837764,15.043271666306953,0.0,0.0,0.0,0.0,0.0,0.0,137.57228713876242,165.53426291731432,0.0,0.0,0.0
43,971.7673152093047,767.1620676504072,0.5593790221940921,-0.6088419969322816,-0.195606223734726,49,0.0,0.018470328357827966,2.4706360194605272,-0.982021921798164,971.7673152093047,767.1620676504072,427.5567653876363,0.0,0.0,63.38128149479844,15.05826755336313,0.0,0.0,0.0,0.0,0.0,0.0,0.0,0.0,175.7896819371281,222.19148439311147,29.57559905739673
44,1979.2609474609947,768.9681949878367,0.7566808905110961,0.3810269366977284,-0.020857137784003256,49,0.0,0.010227948932490087,1.0856623513907038,-0.08923694405208916,1979.2609474609947,768.9681949878367,495.69810860306137,0.0,203.20767272676784,62.94657477963187,15.05912272448629,0.0,0.0,0.0,0.0,0.0,0.0,120.96030131273488,146.46683204220594,89.38510290371762,121.9608535338597,16.925018810543236
45,2339.0568066425535,774.6090119107382,0.6691763358327512,-0.10070396418882639,0.019293489716022565,49,0.0,0.012965226532218592,1.8141640459280393,-0.6466913890319331,2339.0568066425535,774.6090119107382,310.11986705653976,0.0,0.0,62.791330446991005,15.061309082914114,0.0,0.0,0.0,0.0,0.0,0.0,141.0713054663502,169.0485615901896,0.0,0.0,0.0
46,3141.9238737703167,783.7847583735822,0.5958630056660882,-0.7668914486091734,-0.4279133295871598,49,0.0,0.009922837092115028,1.342048827568662,-0.31942079248457705,3141.9238737703167,783.7847583735822,279.218621526993,0.0,0.0,62.44492237272387,15.064385729902325,0.0,0.0,0.0,0.0,0.0,0.0,140.96885220116448,138.2497693258285,0.0,0.0,0.0
47,2917.674833565101,785.5142464026055,0.5769189121859251,-0.1985825805388669,-0.05843248910886298,49,0.0,0.011537115485053097,1.5884197751436235,-0.50241321301294,2917.674833565101,785.5142464026055,335.6836769804255,0.0,0.0,62.54167030845854,15.065367656083458,0.0,0.0,0.0,0.0,0.0,0.0,171.00066070937055,164.68301627105492,0.0,0.0,0.0
48,2319.635592796812,801.9793659776543,0.6987008957889246,-0.27679356104226527,-0.30224942336463945,49,0.0,0.11452035659351988,14.071750226951048,-2.870870294516847,2319.635592796812,801.9793659776543,1731.9333464913225,0.0,122.99758005544653,62.79969310212151,15.072724372589636,0.0,0.0,494.4026902552881,196.48791595286883,0.0,0.0,496.84117462773565,544.2015656554298,0.0,0.0,0.0
49,2156.1270374063215,802.887588167142,0.510198418658277,0.3026629678743783,0.08410079996346323,49,0.0,0.0080492751603619,1.1157660376966543,-0.11893284495014292,2156.1270374063215,802.887588167142,697.8415381729836,0.0,307.50502860571453,62.870245845606775,15.073187822664842,0.0,0.0,120.62739322237232,87.99630707686701,0.0,0.0,103.37964838251762,122.52299217918156,107.43928892364255,134.1931529181276,21.682755470275005
50,2122.9365277245765,809.8161885643096,0.20353427757994721,-0.16039765008256193,-0.2344375483251028,49,0.0,0.006073350882582803,1.2850281427351284,-0.27228159757438175,2122.9365277245765,809.8161885643096,769.1859672392312,0.0,326.3695050326364,62.88456439255146,15.07608921998949,0.0,0.0,132.34828302518116,166.31598721454398,0.0,0.0,102.00256698784207,108.50508593147129,107.03244234431676,130.27685277522707,22.704748960648917
51,2220.661502341788,811.9131504733381,0.9104739970031994,0.43069544618695,-0.4043428944122758,49,0.0,0.0120897039648987,1.146834385772715,-0.1487517650274714,2220.661502341788,811.9131504733381,753.9870511921631,0.0,127.68820605971779,62.842394543460806,15.076917348221555,0.0,0.0,168.37571472065085,273.4584241581185,0.0,0.0,95.11886047300844,127.15221792419476,0.0,89.88183391619071,0.0
52,2267.706788227451,814.2654291196445,0.8498119412147233,-0.10491461400498947,0.19863070252714618,49,0.0,0.01564548163838209,1.770465762580877,-0.620218831878266,2267.706788227451,814.2654291196445,535.5715314807273,0.0,132.80223864563385,62.822092970572484,15.077872702607324,0.0,0.0,119.204975868362,194.3728254708646,0.0,0.0,104.91260510740062,117.08112503410027,0.0,0.0,0.0
53,2846.2412266959727,814.8585336205208,0.7181152276486031,-0.421325301002014,-0.4104810988963451,49,0.0,0.009684632108094402,1.1081645363122572,-0.1115106191835716,2846.2412266959727,814.8585336205208,309.5435087718505,0.0,0.0,62.57245884910265,15.0776681404446,0.0,0.0,0.0,0.0,0.0,0.0,177.76528662486965,131.77822214698085,0.0,0.0,0.0
54,2358.406766890433,817.1190443338153,0.8740556569179149,0.7032737228242143,-0.32905670797960707,49,0.0,0.01801272172897168,2.0540985423686298,-0.7815531860065634,2358.406766890433,817.1190443338153,580.4614400587857,0.0,117.53559299527251,62.78295374548036,15.079008895891928,0.0,0.0,228.50031082346948,138.45936168844906,0.0,0.0,102.46012382716142,111.0416437197056,0.0,0.0,0.0
55,2191.3659543059916,818.9943366827719,0.920441542916059,-0.41015952258133864,-0.6247373821810256,49,0.0,0.025575137308768186,2.788011135687901,-1.1132362601486359,2191.3659543059916,818.9943366827719,707.7702668144775,0.0,223.64043917354576,62.855032104789295,15.07988219596933,0.0,0.0,134.26473356067964,186.55887822758132,0.0,0.0,143.4343475814035,104.27031326841973,33.56877601125913,105.67321816513422,0.0
56,1959.2372074588363,821.3235821261544,0.8897905337569129,0.25466407681402653,-0.2987753933391252,49,0.0,0.016742137378611053,1.887512947708089,-0.6897248485661639,1959.2372074588363,821.3235821261544,499.1185808722271,0.0,37.692802420183085,62.95519827921639,15.080942660188645,0.0,0.0,244.31484895896247,38.24030022454602,0.0,0.0,0.0,0.0,85.35724412220904,120.27833617576687,10.927851390742745
57,2402.097144276795,822.2150381083227,0.5881498298168583,-0.054133880583788575,-0.19806492791585065,49,0.0,0.008194289251833256,1.0830095984824746,-0.08658076425374582,2402.097144276795,822.2150381083227,431.1349362743242,0.0,98.19930029019248,62.76409766726719,15.08110430872911,0.0,0.0,103.94065347426115,74.68872865073708,0.0,0.0,115.53399768567917,136.9715564636468,0.0,0.0,0.0
58,1988.7848679350986,824.3335489898424,0.6475295002367403,0.846544399905427,-0.06099184551219615,49,0.0,0.00943725257824077,1.1120138472607548,-0.11527548823985392,1988.7848679350986,824.3335489898424,672.0652301008352,0.0,222.4381629063725,62.94244690458088,15.08218775673102,0.0,0.0,104.03822698391107,101.94399690061968,0.0,0.0,111.29662118994108,103.61628691302192,96.31419099731295,130.84312340861942,24.01278370740893
59,1924.9603734277066,824.9884427056753,0.7334365212008106,0.06024135940864839,0.44588611911494036,49,0.0,0.0198723944005387,2.7672796086989364,-1.1051326072669103,1924.9603734277066,824.9884427056753,556.5652831973503,0.0,29.988634990878708,62.96998836374518,15.082479192020191,0.0,0.0,189.79751727959828,127.20936894738283,0.0,0.0,0.0,0.0,95.20221819677778,128.56980774935016,15.78637102424117
60,2002.4420735481388,825.445308640285,0.67149542188574,-0.6681640564701178,-0.5900698945582525,49,0.0,0.015955431496707206,1.9649272430518734,-0.733366185091482,2002.4420735481388,825.445308640285,802.2941729669199,0.0,311.16926401191176,62.93655315032781,15.082646566903563,0.0,0.0,114.09565640515538,183.80362710022197,0.0,0.0,135.04083307812755,113.27756621810825,96.5841040072571,139.67529864434573,19.817087513703832
61,2846.527847949476,827.9722685711329,0.35758316079869573,0.5672562790873648,0.015181052812025211,49,0.0,0.009959244402376671,1.8263201721249172,-0.653942290057669,2846.527847949476,827.9722685711329,337.0065202421648,0.0,0.0,62.57232107197003,15.083131488546817,0.0,0.0,0.0,0.0,0.0,0.0,159.854383840717,177.15213640144785,0.0,0.0,0.0
62,2030.9089757887857,830.620258233144,0.42041113935213553,0.2543474664617084,0.9578706065636075,49,0.0,0.009047785027366105,1.192729885935975,-0.1913552534972983,2030.9089757887857,830.620258233144,755.4065734615627,0.0,443.29515711790884,62.9242671511542,15.084793042506178,0.0,0.0,108.72096150354093,148.14131237525288,0.0,0.0,86.67461526398156,138.66854344660868,105.443043848354,154.08527724720636,13.672819776618327
63,545.2467217072018,830.5416221057417,0.4401606526720471,-0.6326998586332052,-0.06308707452918372,49,0.0,0.037962253305643,6.221112820310504,-1.9846701934362478,545.2467217072018,830.5416221057417,785.7331197744809,0.0,0.0,63.56536476383155,15.08438122706034,0.0,0.0,0.0,0.0,0.0,0.0,0.0,0.0,315.79231526780194,407.16836453600223,62.77243997067687
64,2457.658571230849,834.8542172135109,0.28784617596163864,0.3273934840842486,0.6335260586992087,49,0.0,0.008132985118238565,1.6394346499889718,-0.5367352745097558,2457.658571230849,834.8542172135109,555.320824063936,0.0,159.85375027765014,62.74011322693864,15.086332734125884,0.0,0.0,140.77524928679333,183.27124337131988,0.0,0.0,105.85849774841421,125.41583365740867,0.0,0.0,0.0
65,1865.5895152856426,842.5999193813963,0.6873058895572811,-0.3340323884798977,-0.042085201378108464,49,0.0,0.009359324937382492,1.220426230135606,-0.21627883297315142,1865.5895152856426,842.5999193813963,465.9515781901769,0.0,55.39467862073537,62.99560422746157,15.089831355095727,0.0,0.0,117.9405573608324,73.16758703895874,0.0,0.0,0.0,0.0,97.27200372121624,156.10110934299644,21.470320726173107
66,2536.0597818413653,844.9298816365925,0.33142990702808306,0.11921354202451931,-0.23309905614758258,49,0.0,0.0065578413130443726,1.1454051217244754,-0.1473978018666748,2536.0597818413653,844.9298816365925,518.7676667882544,0.0,103.02693696800874,62.70627386545037,15.090473297563923,0.0,0.0,128.9770294002058,180.47367029081178,0.0,0.0,110.3802564454945,98.93671065174227,0.0,0.0,0.0
67,2485.0666506382995,849.6548350122882,0.6157347092755642,0.4503778925024184,-0.1262747936081006,49,0.0,0.007952774993027718,1.0153289446040852,-0.016516917648504253,2485.0666506382995,849.6548350122882,555.3780785357294,0.0,168.9659573668902,62.728274921678505,15.092479838825577,0.0,0.0,110.06179833319712,250.05846496937986,0.0,0.0,95.34701074248332,99.91080449066922,0.0,0.0,0.0
68,2561.1163664339015,852.0290165491198,0.7097661879364783,-0.25408707489568183,-0.8209828834901803,49,0.0,0.016999363541416127,2.2500006290096883,-0.8804565988066269,2561.1163664339015,852.0290165491198,653.3382888326764,0.0,116.80332824627217,62.69545554967794,15.093411696405859,0.0,0.0,151.33637334428334,301.2381627914807,0.0,0.0,105.73774988705514,95.02600280985723,0.0,0.0,0.0
69,1850.5384670764513,859.4420114326136,0.2351195309668092,0.4334209226256988,0.22023945109575116,49,0.0,0.005802235156600509,1.1342285754959618,-0.13675146150976483,1850.5384670764513,859.4420114326136,554.6263340751905,0.0,139.06267951155587,63.00209570223773,15.096851839596297,0.0,0.0,130.63082744360804,161.06581015326077,0.0,0.0,0.0,0.0,105.57004894448046,140.35318955018676,17.00645798365443
70,1448.2465083391467,866.9763823434814,0.6017020760759735,-0.34836351087811,-0.19575574015832908,49,0.0,0.06439508372872126,8.470714907372145,-2.319800163142157,1448.2465083391467,866.9763823434814,998.5559922467573,0.0,0.0,63.17570762128352,15.100007145506106,0.0,0.0,0.0,0.0,0.0,0.0,0.0,0.0,395.3534804541705,524.8221624410122,78.38034935157458
71,1760.8694071354582,866.7439942824468,0.879145116076689,-0.8773330491687426,0.4363356172322652,49,0.0,0.010466117575210394,1.0986461641985001,-0.10214460940460744,1760.8694071354582,866.7439942824468,614.6725130899613,0.0,23.515442595264247,63.040791723536074,15.099909282814254,0.0,0.0,74.95606848131985,261.65293406622584,0.0,0.0,0.0,0.0,107.84833379722994,154.07034612565812,16.144830619527575
72,1783.0722950498603,877.9752477846553,0.9774899643228117,0.9810886714588037,0.05791450731956088,49,0.0,0.01700756281765116,1.7066584549801256,-0.5803665415700131,1783.0722950498603,877.9752477846553,544.8020604891162,0.0,136.35592867361748,63.031208062727664,15.104585723590192,0.0,0.0,144.02718170920951,172.35625273946243,0.0,0.0,0.0,0.0,93.02799918674818,121.39609509637863,13.994531757317501
73,1918.8468387736052,882.0913139272033,0.46887849879510324,-0.06416072965679638,-0.12465739703109002,49,0.0,0.2336328003915275,30.527725510514507,-3.7117361202266674,1918.8468387736052,882.0913139272033,5333.640321130906,0.0,2037.0312464375688,62.97261079588851,15.106272888527341,0.0,0.0,1095.4784954057532,1207.3806258593772,0.0,0.0,0.0,0.0,1230.4717927432885,1620.0386536872509,180.27075343523626
74,2661.3385507119165,882.8389800159149,0.26774526340404037,-0.42004910707551135,-0.37266029557087377,49,0.0,0.005254111177791535,1.149086137510688,-0.1508814634600903,2661.3385507119165,882.8389800159149,520.581488953779,0.0,106.51041259577221,62.65217909823926,15.106165631816404,0.0,0.0,91.06711119733941,200.05021788737923,0.0,0.0,104.05745002363584,125.40670984542447,0.0,0.0,0.0
75,1822.8910270701392,883.6450425755407,0.3563479311838012,-0.10711615978769054,-0.197290458048997,49,0.0,0.01305512041318007,1.8109041405513875,-0.6447386543171489,1822.8910270701392,883.6450425755407,617.933754780985,0.0,242.93958309595126,63.0140224059064,15.106941476365009,0.0,0.0,126.70321238683132,152.11020343659231,0.0,0.0,0.0,0.0,155.71538982702944,157.0167596724129,26.388189458119086
76,1705.6050977489313,889.2664916980514,0.2603977906202189,-0.024166559670280873,-0.5927228056773182,49,0.0,0.0057745838995081475,1.4050046858978826,-0.3691944316991873,1705.6050977489313,889.2664916980514,824.069684897011,0.0,41.27017136299258,63.064639589662136,15.109299391963106,0.0,0.0,341.46669738466096,232.4510251031079,0.0,0.0,0.0,0.0,117.99650730891251,123.62144965863266,8.534005441697012
77,2347.65323819436,890.1044620777292,0.6386432648385197,-0.8673317309741095,-0.016807463362533363,49,0.0,0.020542013178087633,2.196490750987579,-0.8543234471805454,2347.65323819436,890.1044620777292,704.5052399723229,0.0,141.3529297287419,62.78754685690157,15.10942471204369,0.0,0.0,150.3400565564466,168.42882510179243,0.0,0.0,213.07880337409247,172.65755493999143,0.0,0.0,0.0
78,2455.3642962750455,889.8936207560275,0.5485833275234607,-0.9380966685165195,-0.05573895741742386,49,0.0,0.03179107274498018,4.108267859681137,-1.5341468797844948,2455.3642962750455,889.8936207560275,856.4912801029957,0.0,353.34483633320565,62.74106261536214,15.109266285246632,0.0,0.0,199.56880175274557,224.06284434541158,0.0,0.0,204.60596013755992,228.2536738672787,0.0,0.0,0.0
79,827.4887349539823,892.6076788036086,0.3207094706389776,-0.5657151141693968,-0.2665728139832874,49,0.0,0.03573485149471689,6.512082062363307,-2.0342996617540754,827.4887349539823,892.6076788036086,872.9789485180331,0.0,0.0,63.4436161164417,15.110451595068653,0.0,0.0,0.0,0.0,0.0,0.0,0.0,0.0,341.5968076805972,454.70172236958604,76.68041846784998
80,1925.3445713530457,892.67041199848,0.8118600492518777,-0.12361453885646702,0.038566173350474964,49,0.0,0.0825786750917437,8.107295478987997,-2.272190004072582,1925.3445713530457,892.67041199848,1812.4211361924636,0.0,786.6440404253325,62.96980358884181,15.110679005142915,0.0,0.0,401.2178627546758,446.3908205607508,0.0,0.0,0.0,0.0,390.79448667750836,514.5614169469824,59.45654925254619
81,1727.121191077721,897.5385710017026,0.6367575492964793,-0.12759596794737033,0.3361081929667053,49,0.0,0.012041624956656862,1.4655376762207482,-0.4149924695332742,1727.121191077721,897.5385710017026,604.8967521426744,0.0,155.4619179057209,63.05535276153026,15.112743959543607,0.0,0.0,163.90091541033001,206.40946533499107,0.0,0.0,0.0,0.0,96.61041897598768,122.76735075417646,15.208601667189175
82,1707.4245753529826,899.6327746440356,0.2822114112029085,0.24292170100660668,-0.4065780863377895,49,0.0,0.0067116919438931924,1.2923654418738408,-0.27846334093566955,1707.4245753529826,899.6327746440356,716.9946820146004,0.0,123.24032308270321,63.06385338149821,15.113618403446994,0.0,0.0,203.21130859363166,273.6727825310854,0.0,0.0,0.0,0.0,103.21085010042417,120.47205320498809,16.427687584471045
83,1744.1323012604996,900.2900362612154,0.5879643672961143,-0.2278419153750997,0.3076813640587085,49,0.0,0.04335433167055435,5.049324884917953,-1.758083287695249,1744.1323012604996,900.2900362612154,1240.9883632430551,0.0,421.81177783459395,63.0480106394438,15.113888491940779,0.0,0.0,249.1897894540732,316.23979036373066,0.0,0.0,0.0,0.0,287.5898656466326,334.6481558986702,53.32076187994848
84,2838.8766017967287,928.3012837029182,0.2645330911496503,0.17813326174887076,0.8630125999062861,49,0.0,0.005006723242740358,1.1133005220803243,-0.11653103182531926,2838.8766017967287,928.3012837029182,328.36954440299877,0.0,11.964861186282837,62.57551522413824,15.124940026758154,0.0,0.0,88.88814630934242,27.848596011940174,0.0,0.0,96.52992724924152,115.1028748324747,0.0,0.0,0.0
85,2040.9336707568832,940.2539463771047,0.6113033476962721,0.08370238792817498,0.6223541360456654,49,0.0,0.00906133605851891,1.1286612939198537,-0.13140907923418216,2040.9336707568832,940.2539463771047,591.5765058135554,0.0,321.46065797787435,62.919899541394905,15.130468691440974,0.0,0.0,95.77248888769881,85.2685620579951,0.0,0.0,137.07035016278752,151.09042626915527,49.4528260760343,72.92185235988438,0.0
86,1593.1931124274479,960.5457649318428,0.34477305877345343,0.4219196214104119,0.16594732630150272,49,0.0,0.006512864628483048,1.0432880664835158,-0.04601059947213812,1593.1931124274479,960.5457649318428,580.858719920558,0.0,204.79767542729832,63.11315487354354,15.139002868445194,0.0,0.0,170.8612743675509,147.389192618827,0.0,0.0,0.0,0.0,113.85531116549902,133.4280740722902,15.324867696390932
87,2919.82564308676,979.0017871339631,0.7636540580615875,-0.7644726177395289,-0.5747740430947627,49,0.0,0.020907229120078336,2.734608246960878,-1.0922377979997513,2919.82564308676,979.0017871339631,486.4758288565381,0.0,42.16176272863889,62.54052191857733,15.145978948834076,0.0,0.0,143.44552252103796,92.03160984935803,0.0,0.0,114.78108522503962,136.21761126110258,0.0,0.0,0.0
88,1541.8302582433662,981.8381733922771,0.22037989588187465,-0.03637607933016157,0.6326918470549731,49,0.0,0.004647466433504338,1.0411988846108167,-0.04383423549362207,1541.8302582433662,981.8381733922771,500.91810867377296,0.0,121.62420514041439,63.1353263299175,15.147873129604125,0.0,0.0,137.45979063694858,115.77134647204878,0.0,0.0,0.0,0.0,99.40611642068279,121.07963624609003,27.201218898002715
89,2133.3680215466106,1010.8054363735657,0.5574180781255165,-0.6866296903167747,-0.25950463490406517,49,0.0,0.0537012831301557,6.887964524739943,-2.0952272542334205,2133.3680215466106,1010.8054363735657,1185.8626091225988,0.0,495.2903723514397,62.87997064923035,15.159827446526066,0.0,0.0,290.02428161146133,270.66598689703324,0.0,0.0,325.4935922815257,299.6787483325785,0.0,0.0,0.0
90,2858.2041143160604,1011.6216276488861,0.40118030609665517,-0.6494807242168125,-0.1899748524377998,49,0.0,0.014509827506816137,2.1951996700236682,-0.8536850718617985,2858.2041143160604,1011.6216276488861,606.7044283251133,0.0,247.58929244717058,62.56708340856168,15.159634790558155,0.0,0.0,131.0643062133527,157.94277049720625,0.0,0.0,143.31465943599466,174.3826921785597,0.0,0.0,0.0
91,2998.2099303615155,1042.2697717224592,0.7717028254653715,0.5326727617439027,0.11478200201922198,49,0.0,0.009917763295485405,1.1028261633715182,-0.10626765182040843,2998.2099303615155,1042.2697717224592,464.35333056220963,0.0,146.705118757067,62.50661384517395,15.172251330367734,0.0,0.0,128.00900825084088,114.4432632913378,0.0,0.0,101.49701474016264,120.40404427986832,0.0,0.0,0.0
92,3015.52420013317,1056.3436288520047,0.3289244717337944,-0.6596763287543422,-0.3252275434005965,49,0.0,0.0073556711381582715,1.241600207102838,-0.23495444088952805,3015.52420013317,1056.3436288520047,524.7546511568472,0.0,156.03001862883843,62.49912268369112,15.17809500366268,0.0,0.0,117.57548505683424,167.43701969411097,0.0,0.0,120.51453736938878,119.22760903651323,0.0,0.0,0.0
93,3046.0243039524084,1065.6549958291741,0.27956773458633744,-0.5457365630384758,-0.959845178159154,49,0.0,0.005845576370249272,1.0831847262486693,-0.08675631873143927,3046.0243039524084,1065.6549958291741,519.5982114055173,0.0,85.59940099605954,62.48594492395962,15.181938595032172,0.0,0.0,212.9578740204679,86.12935955406564,0.0,0.0,112.74316499639065,107.76781283459306,0.0,0.0,0.0
94,2083.731642505618,1072.8173473266177,0.26946138569814987,0.4202556594570805,0.190562717432581,49,0.0,0.005267295330065338,1.027638158589779,-0.029600555639369024,2083.731642505618,1072.8173473266177,389.9480099858074,0.0,145.83982681784948,62.90137175525414,15.185685846688225,0.0,0.0,97.9265215319092,90.95110893184615,0.0,0.0,109.9647611997597,91.1056183222923,0.0,0.0,0.0
95,1730.2564838247806,1088.7025088682537,0.40856661257248655,-0.19138257783452842,0.06878736409696264,49,0.0,0.0473955874542771,6.545848032562232,-2.039914796431739,1730.2564838247806,1088.7025088682537,1405.216689430628,0.0,703.6685692660719,63.05397817824825,15.192393666518862,0.0,0.0,302.9027131270289,340.137383376211,0.0,0.0,0.0,0.0,317.6048913333765,393.4287839923377,51.14291760167396
96,3149.5493928013866,1096.9914058611519,0.5875372361748423,-0.8130743927717872,-0.07968941723964947,49,0.0,0.5221850091194271,75.17258297885064,-4.690148682858455,3149.5493928013866,1096.9914058611519,9817.511118020386,0.0,1.0,62.44121346166659,15.194866921611068,0.0,0.0,0.0,3835.8233576261478,0.0,0.0,2894.9220644514353,3086.765695942801,0.0,0.0,0.0
97,2091.3934454085575,1104.9339589899669,0.6423602974328185,-0.9883827928150123,-0.34687026248070824,49,0.0,0.07148899938349641,8.161097240994213,-2.279371381466077,2091.3934454085575,1104.9339589899669,2752.5713520801714,0.0,1044.8719546965929,62.898050272497485,15.199064422091332,0.0,0.0,666.1731355348085,733.5566443192832,0.0,0.0,698.1533289359634,654.6882432901165,0.0,0.0,0.0
98,1368.091470213485,1109.5162663551985,0.53805156690634,0.7030263778464405,-0.15605137190658255,49,0.0,0.008976719045690949,1.1715169037945863,-0.17187139851202837,1368.091470213485,1109.5162663551985,664.5225588490413,0.0,293.7214395984221,63.21034807123645,15.201050642025391,0.0,0.0,177.28173217543963,238.86177679625473,0.0,0.0,0.0,0.0,97.76630994943582,133.39596424280708,17.216775685104018
99,2085.801535553112,1109.2842263501425,0.4790063860850177,-0.4600143472244588,-0.01770195645341649,49,0.0,0.1122410943267759,15.75774885793422,-2.993735436372473,2085.801535553112,1109.2842263501425,2779.540152872037,0.0,684.7466589969142,62.900462817365806,15.200879244803032,0.0,0.0,895.8215159901149,981.8442926500372,0.0,0.0,380.8668257382526,521.0075184936325,0.0,0.0,0.0
100,2696.994972108382,1111.9517902822995,0.8170322621933436,-0.08620206008142209,0.3527359265708772,49,0.0,0.009032662473966793,1.0358363341560355,-0.038227851872466495,2696.994972108382,1111.9517902822995,408.13188060132825,0.0,0.0,62.63657465482988,15.201592723968517,0.0,0.0,80.21906582573658,103.32454362398543,0.0,0.0,104.38777077121637,120.20050038038988,0.0,0.0,0.0
101,1949.4081763010645,1132.1602942806476,0.48561590227402124,-0.7843675095808224,-0.559557437096926,49,0.0,0.010105986496216655,1.3361979914056015,-0.31467703644923506,1949.4081763010645,1132.1602942806476,337.61416792934125,0.0,0.0,62.95934599993296,15.210457627897842,0.0,0.0,136.99889001127903,200.6152779180622,0.0,0.0,0.0,0.0,0.0,0.0,0.0
102,1472.2012247346693,1133.320294585494,0.5214845203714127,0.25973437075782463,0.03935573702027242,49,0.0,0.3026354915422673,37.275692318847774,-3.928564295803065,1472.2012247346693,1133.320294585494,6517.2586866228885,0.0,3229.1894892989153,63.16539922434184,15.210984320894424,0.0,0.0,1400.8251380666115,1579.6715698922544,0.0,0.0,0.0,0.0,1465.7749534057791,1851.9143657490258,219.07265950921675
103,936.5145142182325,1151.574464370343,0.2891944807938749,-0.4735199415999214,-0.45605247096898177,49,0.0,0.018142158536318554,2.7583502405813207,-1.1016235243371546,936.5145142182325,1151.574464370343,637.5343419018193,0.0,560.4959454153079,63.39671233199685,15.218415216415675,0.0,0.0,0.0,0.0,0.0,0.0,0.0,0.0,264.8095397340338,328.64397114978647,44.08083101799915
104,3159.1663076773466,1149.9618754321323,0.32959627037735284,-0.04800829502941498,0.47991407919507806,49,0.0,0.006533535670990814,1.401775310077323,-0.36669601586369915,3159.1663076773466,1149.9618754321323,456.8580328945357,0.0,103.6213680575485,62.436990471341346,15.21692386355079,0.0,0.0,103.03470353578372,135.05636011942926,0.0,0.0,124.53809554961788,94.2288736897049,0.0,0.0,0.0
105,2630.2907754127814,1176.8669020197765,0.5745553163450043,-0.4769223522618486,0.08864865484931092,49,0.0,0.015149419871347354,2.031252512921739,-0.7694097890041367,2630.2907754127814,1176.8669020197765,571.1192682205597,0.0,0.0,62.66531609702272,15.22869795765136,0.0,0.0,132.6338987187337,142.94638813085137,0.0,0.0,138.97334249359648,156.5656388773782,0.0,0.0,0.0
106,898.0859944065245,1191.2544674340854,0.5988452908864061,-0.08486489357738816,-0.0949388409691843,49,0.0,0.007878593760669654,1.050720107989785,-0.05371760894743485,898.0859944065245,1191.2544674340854,374.5516114864288,0.0,166.97542292920446,63.413329705913135,15.234926517158522,0.0,0.0,0.0,0.0,0.0,0.0,0.0,0.0,143.8770421798308,218.03377892823914,12.640790378358842
107,2617.448534929865,1196.3085066801953,0.5944365019847001,-0.7589226317373422,-0.19464580934651807,49,0.0,0.5472385221688963,75.66799810856267,-4.697280610790956,2617.448534929865,1196.3085066801953,7155.671199507908,0.0,0.0,62.67084432809465,15.23680915479995,0.0,0.0,1579.2814032928172,1707.238066393003,0.0,0.0,1929.2451448760767,1939.9065849460098,0.0,0.0,0.0
108,3165.2985082556997,1197.8993994075547,0.9635916701807298,-0.9645574181567059,-0.4494343594961365,49,0.0,0.03354699464586987,3.0686965902391394,-1.2173848769130053,3165.2985082556997,1197.8993994075547,730.766799134546,0.0,303.50434294644606,62.43427807160574,15.236888356061057,0.0,0.0,188.7966369297202,182.49984882046965,0.0,0.0,184.26755448130058,175.2027589030555,0.0,0.0,0.0
109,2916.7880265322715,1216.9155136520776,0.9710659110382193,-0.7847230062819429,-0.06611353596908219,49,0.0,0.03336630528881626,3.122487392216066,-1.236251733706669,2916.7880265322715,1216.9155136520776,635.7575689251439,0.0,0.0,62.54156235420716,15.245106717123289,0.0,0.0,147.97592345622172,163.99296249898998,0.0,0.0,167.4973959290025,156.29128704092972,0.0,0.0,0.0
110,3027.9011093607096,1222.291909738961,0.29065648257551224,0.024131072872647274,-0.449051456573617,49,0.0,0.00622439878749748,1.0455825912531884,-0.04839585928504194,3027.9011093607096,1222.291909738961,451.2317600678149,0.0,0.0,62.4935751283509,15.247220869860836,0.0,0.0,106.19272224278234,104.98428417826152,0.0,0.0,121.6664611273402,118.38829251943082,0.0,0.0,0.0
111,2707.36920473769,1229.1802265812335,0.4324999456367808,-0.31274288604873574,-0.3740972847317473,49,0.0,0.02900126984565856,4.740430647716172,-1.689544493125708,2707.36920473769,1229.1802265812335,755.2017705278536,0.0,0.0,62.63198347264749,15.250426313726603,0.0,0.0,188.81299501861469,160.3199454518545,0.0,0.0,192.3598330467355,213.7089970106489,0.0,0.0,0.0
112,1453.2010733647753,1236.3107632076499,0.21687021446311455,-0.09270725966877429,0.3216326750432597,49,0.0,0.0057916138431096395,1.8051819616366351,-0.6413024629057619,1453.2010733647753,1236.3107632076499,367.25730739842845,0.0,7.650563641440387,63.173616437320426,15.253894438467633,0.0,0.0,106.02493341699596,99.23962913933346,0.0,0.0,0.0,0.0,29.427469422943027,132.56527541915605,0.0
113,1957.4027174246896,1245.9012063527096,0.4355889932066718,-0.3854736928342022,-0.05312687596431064,49,0.0,0.11021751054387695,19.100900926088535,-3.2026346298995962,1957.4027174246896,1245.9012063527096,1631.8694337357501,0.0,0.0,62.955858957665285,15.257846751535972,0.0,0.0,809.6518519499234,822.217581785827,0.0,0.0,0.0,0.0,0.0,0.0,0.0
114,2485.7713144596246,1257.2386480075013,0.5531940924538266,-0.9458789888804162,-0.07671383326420943,49,0.0,0.037182855357592984,4.9948021470228685,-1.7462957243189048,2485.7713144596246,1257.2386480075013,884.6340424896275,0.0,0.0,62.727659042509956,15.262299320307443,0.0,0.0,191.6025732307052,205.20170091174447,0.0,0.0,235.01128769218894,252.8184806549889,0.0,0.0,0.0
115,1066.8643501039544,1261.2451039846799,0.9435844318370233,-0.3831050005105995,0.6864940937190032,49,0.0,0.01072845960955997,1.2714695939584655,-0.2607649471936947,1066.8643501039544,1261.2451039846799,149.4696437535468,0.0,13.316885102714608,63.34047807053429,15.264174907343515,0.0,0.0,0.0,0.0,0.0,0.0,0.0,0.0,70.13363493267254,48.20315711865028,31.13285170222397
116,2292.65692218575,1282.365529947247,0.6609754734846617,-0.7507600189726871,-0.20349277564192644,49,0.0,0.06230052602405664,7.603079950407313,-2.2024738933674035,2292.65692218575,1282.365529947247,1147.6208837058266,0.0,467.92003732112164,62.8110468959474,15.272894577577308,0.0,0.0,272.82586921293824,284.5745785011055,0.0,0.0,281.8387425615299,308.3816934302529,0.0,0.0,0.0
117,1485.398281326302,1297.569073881554,0.4913063156508943,0.4721494916620393,0.2940189205575132,49,0.0,0.1541353903198292,20.960236874726125,-3.303490465913426,1485.398281326302,1297.569073881554,2866.85507560565,0.0,0.0,63.159717199328576,15.279422064925482,0.0,0.0,1354.0869871976363,1512.7680884080141,0.0,0.0,0.0,0.0,0.0,0.0,0.0
118,2405.785125033565,1314.3168105984173,0.40863861675444135,-0.2134881345166209,-0.14060877567102448,49,0.0,0.008802376461653895,1.22363349512253,-0.21912839158044625,2405.785125033565,1314.3168105984173,508.078809209541,0.0,0.0,62.76216381525021,15.286137222146346,0.0,0.0,140.46460124574378,112.00443855491517,0.0,0.0,131.44928078272875,124.16048862615335,0.0,0.0,0.0
119,1102.547018684816,1318.0720319960192,0.5587879584679926,-0.32472510748763994,-0.5366016996866054,49,0.0,0.008167172422929901,1.3223951818223667,-0.3034031455105439,1102.547018684816,1318.0720319960192,229.408213694341,0.0,87.32700434125287,63.325091357477724,15.287867724427842,0.0,0.0,123.84268343078007,105.56553026356093,0.0,0.0,0.0,0.0,0.0,0.0,0.0
120,2872.6485239608287,1338.073493245294,0.7720453623738753,0.050829397643503894,-0.24395663142049262,49,0.0,0.010352706175015904,1.0686763105712511,-0.07211545614614427,2872.6485239608287,1338.073493245294,459.9176516180992,0.0,0.0,62.560489493088824,15.295633774207896,0.0,0.0,100.62413331563334,131.86854364802696,0.0,0.0,112.62601892698962,114.7989557274493,0.0,0.0,0.0
121,1540.9421155390469,1348.3859826276944,0.2305547717172525,0.06366554106391048,0.10393268911684077,49,0.0,0.023030104511676443,5.3388947564936755,-1.818628399670269,1540.9421155390469,1348.3859826276944,608.0655679422974,0.0,0.0,63.135728580048024,15.300599703459719,0.0,0.0,293.6762888051727,314.3892791371248,0.0,0.0,0.0,0.0,0.0,0.0,0.0
122,1621.426401177697,1375.178355301769,0.29960123093144675,0.10889352437210717,-0.199176182908797,49,0.0,0.00870588230120694,1.795218300366247,-0.6352931669375618,1621.426401177697,1375.178355301769,311.41382544322676,0.0,0.0,63.10096069122219,15.311764446982368,0.0,0.0,145.75130348650285,165.66252195672394,0.0,0.0,0.0,0.0,0.0,0.0,0.0
123,1061.6376584124243,1377.2942657487727,0.22709692545560356,0.5713861882905474,-0.3974298395116146,49,0.0,0.004738507344055449,1.268400676601768,-0.25814116255101444,1061.6376584124243,1377.2942657487727,354.1141657866643,0.0,175.78212482051705,63.342789550233874,15.312525802612353,0.0,0.0,155.34634988591085,198.76781590075342,0.0,0.0,0.0,0.0,0.0,0.0,0.0
124,3040.68861709687,1393.3252749970632,0.731305487368094,-0.8246124814346917,-0.34504235181707554,49,0.0,0.03091282605879913,3.389634157236201,-1.3253820684668565,3040.68861709687,1393.3252749970632,781.8533669930929,0.0,0.0,62.48784019746924,15.318465093972012,0.0,0.0,178.20362614771105,180.93235041585046,0.0,0.0,206.33917809145578,216.37821233807563,0.0,0.0,0.0
125,2219.226918280308,1417.2910986859504,0.729748635768651,-0.2339709777299955,-0.0735234411071248,49,0.0,0.04842750385199292,6.16147890895688,-1.9742124155211183,2219.226918280308,1417.2910986859504,580.677122921086,0.0,0.0,62.84268981446187,15.32915258178747,0.0,0.0,272.4943792468549,308.182743674231,0.0,0.0,0.0,0.0,0.0,0.0,0.0
126,2538.4815919236003,1421.4491217467607,0.6725608742174964,-0.3614579216808846,-0.3064888720225002,49,0.0,0.018817020001753417,2.1352808782294637,-0.8236375272571916,2538.4815919236003,1421.4491217467607,615.604696834017,0.0,0.0,62.70476136599276,15.330678656520545,0.0,0.0,151.97207990886693,135.91260353053045,0.0,0.0,158.3830632852497,169.33695010937004,0.0,0.0,0.0
127,2769.916169660404,1455.2088280355902,0.5595079683121902,-0.3963821442668823,-0.04139382398086378,49,0.0,0.13269167733972267,19.46428248691922,-3.223095997310498,2769.916169660404,1455.2088280355902,1885.9434139810264,0.0,0.0,62.60474436001624,15.344542075735344,0.0,0.0,449.72852445117826,447.9832562439392,0.0,0.0,502.69522837766533,485.53640490824336,0.0,0.0,0.0
128,2013.358690657637,1456.0006888727582,0.6195611743941212,-0.3916736196248808,-0.024605081376860842,49,0.0,0.02043405819843884,2.686717553132442,-1.0730550317663037,2013.358690657637,1456.0006888727582,418.1483803866673,0.0,0.0,62.931617349211166,15.345369672313812,0.0,0.0,197.19991854311007,220.9484618435572,0.0,0.0,0.0,0.0,0.0,0.0,0.0
129,1978.6460016563963,1477.7171781793886,0.3498717825703901,-0.40221584818165634,-0.16656285578387198,49,0.0,0.0341640199573553,6.423400389560585,-2.0194124842961956,1978.6460016563963,1477.7171781793886,694.0845939862339,0.0,0.0,62.946608442928266,15.354429579903611,0.0,0.0,335.0814424475093,359.0031515387246,0.0,0.0,0.0,0.0,0.0,0.0,0.0
130,2699.612238689623,1480.8447822647238,0.6015419695562887,-0.9948227151885086,-0.47250774395363315,49,0.0,0.01072198366438337,1.3558065409055342,-0.3304943119338688,2699.612238689623,1480.8447822647238,488.74382357298697,0.0,0.0,62.63509396851454,15.355289645968808,0.0,0.0,108.34624872833399,127.46929401401329,0.0,0.0,126.77504096141762,126.1532398692221,0.0,0.0,0.0
131,2493.2850385707807,1484.7293347089278,0.49172591312128905,-0.2828890719415708,-0.3876942296854295,49,0.0,0.046809734435713735,7.047343605695207,-2.1200636170216685,2493.2850385707807,1484.7293347089278,1050.6859974518868,0.0,194.97211881899136,62.72423829216643,15.357079148856394,0.0,0.0,231.50552161634545,263.0373509795482,0.0,0.0,260.70445061762905,295.43867423836406,0.0,0.0,0.0
132,1956.4684739577967,1511.915503102869,0.942908199768826,-0.7872849549521016,-0.13530728844539572,49,0.0,0.011940182739573464,1.215688920917133,-0.21205614701939446,1956.4684739577967,1511.915503102869,288.8622556340291,0.0,0.0,62.95618050753822,15.368685595139874,0.0,0.0,140.5058238417798,148.3564317922493,0.0,0.0,0.0,0.0,0.0,0.0,0.0
133,1959.8380902473764,1546.5161688134287,0.5986753620101695,-0.07792666400955185,0.049320161315752196,49,0.0,0.9063257524648078,125.43051996626833,-5.246008056552435,1959.8380902473764,1546.5161688134287,10859.897453797821,0.0,0.0,62.95471367768267,15.383101478577549,0.0,0.0,5244.939658332685,5614.957795465138,0.0,0.0,0.0,0.0,0.0,0.0,0.0
134,2570.2313883279503,1604.0191060630052,0.44027108484119637,-0.03081245622197056,0.6486429872791527,49,0.0,0.009452374315211445,1.1946110403720174,-0.19306631024513052,2570.2313883279503,1604.0191060630052,529.9622040391998,0.0,244.95647449439423,62.690891599439155,15.40672225037995,0.0,0.0,104.36886688127521,125.64494877021326,0.0,0.0,142.72350410801232,157.22488427969898,0.0,0.0,0.0
135,2261.6005458759428,1637.0989976206333,0.8544928331540742,-0.4111088423676975,-0.2866481154346757,49,0.0,0.025977981296487693,2.881615036231853,-1.1490899040616023,2261.6005458759428,1637.0989976206333,371.2333156935365,0.0,0.0,62.82425744583499,15.420715500623377,0.0,0.0,190.77551281444926,180.45780287908715,0.0,0.0,0.0,0.0,0.0,0.0,0.0
136,3087.996031130661,1637.9290213648133,0.6416048081152206,-0.5836708262970016,-0.004909464656819616,49,0.0,0.01468379459310215,1.668942351798306,-0.5561033391093193,3087.996031130661,1637.9290213648133,544.0973152639345,0.0,0.0,62.46709013808127,15.420319370563101,0.0,0.0,125.30466508741387,138.5435921949731,0.0,0.0,135.79937964265432,144.44967833889325,0.0,0.0,0.0
137,1935.102000650316,1664.1465018652177,0.6571825882776119,0.5110313367873797,0.049796243960251535,49,0.0,0.01831170741887892,2.1832525697739316,-0.8477599500311396,1935.102000650316,1664.1465018652177,397.9935986484097,0.0,0.0,62.965369193909495,15.432121113204362,0.0,0.0,171.55046317157576,226.44313547683402,0.0,0.0,0.0,0.0,0.0,0.0,0.0
138,1497.332580253721,1674.1114997759646,0.45945233140137925,-0.39809976590413826,-0.45100577398346703,49,0.0,0.006001568076226993,1.044093848740448,-0.046848842830077245,1497.332580253721,1674.1114997759646,246.77559574717418,0.0,0.0,63.15459600656972,15.436315565873159,0.0,0.0,111.36180658178496,135.41378916538923,0.0,0.0,0.0,0.0,0.0,0.0,0.0
139,3120.8611787323684,1677.7243910590107,0.5953810266253018,-0.7570062992881815,-0.2814314899371856,49,0.0,0.028187976640875814,3.560847152115182,-1.3788833304102797,3120.8611787323684,1677.7243910590107,726.1446541075936,0.0,0.0,62.45283431727883,15.436858376258604,0.0,0.0,151.62552233367802,168.86385311545894,0.0,0.0,199.2408151235078,206.41446353494894,0.0,0.0,0.0
140,2678.909801873606,1706.1811271053568,0.48552332098044293,-0.5968655846935476,0.07203627879009764,49,0.0,0.06459216905001201,10.143052410758685,-2.515421673899047,2678.909801873606,1706.1811271053568,1238.7573057645056,0.0,536.7945364096953,62.64382828872727,15.44919541598524,0.0,0.0,279.4181332266177,308.10790256832956,0.0,0.0,321.38512686729564,329.84614310226266,0.0,0.0,0.0
141,815.4722989944592,1744.3540712021693,0.9469795324968614,0.11605977611368237,-0.051014377356954715,49,0.0,0.009719858660168265,1.1696333318770835,-0.17012434047602976,815.4722989944592,1744.3540712021693,73.82517316062129,0.0,12.324412182091798,63.44938044978677,15.465329417784536,0.0,0.0,45.77848288452245,28.046690276098833,0.0,0.0,0.0,0.0,0.0,0.0,0.0
142,1750.7674868524061,1756.9043605027491,0.6904465267013862,0.13587654888680342,0.0030297400295872102,49,0.0,0.010786509559327041,1.2300589576419096,-0.22481481999057762,1750.7674868524061,1756.9043605027491,305.26496544037343,0.0,0.0,63.04503560226016,15.470807550139432,0.0,0.0,145.37138880537694,159.89357663499646,0.0,0.0,0.0,0.0,0.0,0.0,0.0
143,1215.6669502524057,1760.653986587421,0.6252730392593903,-0.23869482533586267,-0.21527209321740498,49,0.0,0.026834466894922217,3.7133752309250183,-1.4244220906027194,1215.6669502524057,1760.653986587421,443.8607650087264,0.0,0.0,63.27637706673136,15.472317253727404,0.0,0.0,229.65546522283472,214.20529978589173,0.0,0.0,0.0,0.0,0.0,0.0,0.0
144,1747.9962489544816,1778.8275631917645,0.6761800500686731,-0.23158419351244758,-0.06488483361517161,49,0.0,0.02049994809469876,2.658168344024908,-1.0614562042763234,1747.9962489544816,1778.8275631917645,352.2981681513618,0.0,0.0,63.04623089125184,15.4799425447385,0.0,0.0,166.93487133382303,185.36329681753878,0.0,0.0,0.0,0.0,0.0,0.0,0.0
145,1667.35706235276,1795.8487876570555,0.40444722308766506,-0.5583108714042805,0.0392762317408429,49,0.0,0.01400814477334292,2.4932890994855046,-0.9919315958100927,1667.35706235276,1795.8487876570555,327.41752389733716,0.0,0.0,63.08109425737533,15.487041960264456,0.0,0.0,156.33378588519207,171.08373801214512,0.0,0.0,0.0,0.0,0.0,0.0,0.0
146,1410.368239425929,1815.2845125687259,0.4868473708447041,0.14448342900049224,0.139542955539576,49,0.0,0.007543393950123338,1.0518546389638672,-0.05488931661234924,1410.368239425929,1815.2845125687259,273.2536068084617,0.0,0.0,63.192210386814345,15.495126853646404,0.0,0.0,130.26276571337266,142.99084109508905,0.0,0.0,0.0,0.0,0.0,0.0,0.0
147,2763.992338604395,1830.4980299688957,0.4748857982317295,-0.3652662856743257,-0.25565340943937265,49,0.0,0.009142549644705275,1.269526270310019,-0.25910423039858366,2763.992338604395,1830.4980299688957,287.7048033049226,0.0,0.0,62.60692547294589,15.500912187499079,0.0,0.0,125.68499514156295,162.01980816335973,0.0,0.0,0.0,0.0,0.0,0.0,0.0
148,2931.1510585486053,1884.9083449101195,0.5000988159170664,-0.6869588371555052,0.32941984852532075,49,0.0,0.006522881284760412,1.0690170865372581,-0.07246161692639447,2931.1510585486053,1884.9083449101195,264.8756171756529,0.0,9.274722456213384,62.53459051269511,15.523406764003953,0.0,0.0,96.58972277776937,98.56875378784059,0.0,0.0,33.961015873849455,35.756124736193534,0.0,0.0,0.0
149,2633.0966490169158,1888.302378312605,0.25421595598153945,-0.45342029627452163,-0.12839057532807294,49,0.0,0.0076632468703099,1.6178352920645427,-0.5223357626149088,2633.0966490169158,1888.302378312605,326.95791511766316,0.0,0.0,62.66346849009297,15.525117294341829,0.0,0.0,159.48414278746534,167.47377233019782,0.0,0.0,0.0,0.0,0.0,0.0,0.0
150,1354.9599264755793,1892.0973706306836,0.9803962430640148,-0.19419715306700344,-0.04982664808085993,49,0.0,0.013868041489554195,1.3248038159581843,-0.30537892595556726,1354.9599264755793,1892.0973706306836,258.03988597627375,0.0,0.0,63.21618422420777,15.527121907777493,0.0,0.0,129.5305753103698,128.5093106659039,0.0,0.0,0.0,0.0,0.0,0.0,0.0
151,3174.0319892590987,1902.4874407668449,0.5420117531143863,0.22156217206742942,0.19203523933079922,49,0.0,0.014633580393121974,2.2760725998766107,-0.8929652765823443,3174.0319892590987,1902.4874407668449,559.0807848923096,0.0,178.58112220942002,62.429547197815026,15.530434037874748,0.0,0.0,98.05663732610796,98.43045977153739,0.0,0.0,212.57600229940167,150.01768549526253,0.0,0.0,0.0
152,1095.6319239066784,1911.1643693014264,0.7597344935521818,-0.35977394137857305,-0.1404621225916806,49,0.0,0.009058483712065572,1.0487586303288132,-0.051688869249242875,1095.6319239066784,1911.1643693014264,266.11074785605945,0.0,0.0,63.328337638819384,15.534984482163958,0.0,0.0,121.60976539033663,144.5009824657228,0.0,0.0,0.0,0.0,0.0,0.0,0.0
153,2029.0097400405186,1917.3072751719594,0.2931617117771634,-0.26176531234557143,0.0740992479311316,49,0.0,0.009744743629827728,1.7839343349994599,-0.6284471608734639,2029.0097400405186,1917.3072751719594,322.72006086621025,0.0,0.0,62.924683801477464,15.537574015317581,0.0,0.0,156.7851049220007,165.93495594420955,0.0,0.0,0.0,0.0,0.0,0.0,0.0
154,1207.9871320717048,1923.8007502864384,0.5687330154940322,-0.39041520019783493,-0.05281484514414031,49,0.0,0.14805679997387852,21.217602944690512,-3.316740794966969,1207.9871320717048,1923.8007502864384,1966.0205499120166,0.0,0.0,63.279752802511595,15.540292052355571,0.0,0.0,966.9166849853599,999.1038649266568,0.0,0.0,0.0,0.0,0.0,0.0,0.0
155,3167.5393607503365,1926.3677054312582,0.20684673317688668,-0.36586702756210615,-0.13619700471884008,49,0.0,0.004441116536114172,1.0500798996796132,-0.05305586355527883,3167.5393607503365,1926.3677054312582,370.532203717844,0.0,106.70818213203805,62.432322143784674,15.540391984932578,0.0,0.0,81.82686201369393,91.68106077432634,0.0,0.0,81.23124037069016,115.79304055913359,0.0,0.0,0.0
156,1252.3386707182424,1929.1417094238793,0.5729524646087224,-0.1964983817473216,-0.08300067252917127,49,0.0,0.8932658704179182,129.18675915373967,-5.278045008583651,1252.3386707182424,1929.1417094238793,10608.756608985856,0.0,0.0,63.26057358998987,15.542531271567885,0.0,0.0,5051.660899397895,5557.095709587959,0.0,0.0,0.0,0.0,0.0,0.0,0.0
157,1616.378998405748,1961.9216883935628,0.28377075893764936,-0.3155143310017367,-0.3169287072905925,49,0.0,0.011132813219934787,2.2142296274583617,-0.8630566438486577,1616.378998405748,1961.9216883935628,345.763082723611,0.0,0.0,63.10313310169746,15.556240480281206,0.0,0.0,171.22567947336046,174.53740325025046,0.0,0.0,0.0,0.0,0.0,0.0,0.0
158,1719.4894581297417,1964.679425029688,0.4640784703298144,-0.06835331431199902,-0.11754775487508366,49,0.0,0.03207557866676353,5.263356413044936,-1.8031569491633541,1719.4894581297417,1964.679425029688,577.6237800495312,0.0,0.0,63.05853662490953,15.55738366364705,0.0,0.0,288.2673130392875,289.3564670102437,0.0,0.0,0.0,0.0,0.0,0.0,0.0
159,2058.089973896568,1980.7493640897976,0.5699776666161358,-0.543107207108931,-0.1164732861166315,49,0.0,0.035871711976667164,5.321944457188988,-1.8151758442427626,2058.089973896568,1980.7493640897976,528.3127201868206,0.0,0.0,62.91208242618528,15.563997037225993,0.0,0.0,256.09234151522355,272.22037867159696,0.0,0.0,0.0,0.0,0.0,0.0,0.0
160,1024.1663024191962,1997.5465561762244,0.640770856593245,-0.059566551752674,-0.04800997649600815,49,0.0,0.015470544186470292,1.8174629433478027,-0.6486639117387849,1024.1663024191962,1997.5465561762244,365.5678142459468,0.0,0.0,63.359286682442416,15.570943938941019,0.0,0.0,176.07601384109748,189.49180040484933,0.0,0.0,0.0,0.0,0.0,0.0,0.0
161,1385.090988103569,1998.8956432677671,0.5310558542995273,-0.3439585342631181,-0.1586154171840871,49,0.0,0.1897631599214694,29.32592936533862,-3.6681294604806522,1385.090988103569,1998.8956432677671,2329.3707285343276,0.0,0.0,63.20317408322887,15.571626693178303,0.0,0.0,1109.8197593002974,1219.5509692340306,0.0,0.0,0.0,0.0,0.0,0.0,0.0
162,2106.142524437947,1998.599630134784,0.35060645471950524,-0.5185158973514543,0.38483149985423104,49,0.0,0.006547477783322447,1.1336167583658772,-0.13616564376018458,2106.142524437947,1998.599630134784,241.97875196228813,0.0,0.0,62.89129092484531,15.571415003049578,0.0,0.0,127.75394234042159,114.22480962186654,0.0,0.0,0.0,0.0,0.0,0.0,0.0
163,2917.602745417902,1999.3090085261806,0.3475954046293856,-0.4857613533920699,-0.04432932894701891,49,0.0,0.02507960372790973,4.939299458445115,-1.7341633931057232,2917.602745417902,1999.3090085261806,551.1208451263631,0.0,0.0,62.540318128604035,15.57108615230733,0.0,0.0,261.15957211890543,289.9612730074575,0.0,0.0,0.0,0.0,0.0,0.0,0.0
164,2537.046771122821,2004.8834580378355,0.37970337957929984,-0.1344448889164944,0.09577215197002005,49,0.0,0.006343858761618987,1.1966568956008026,-0.19492411931799583,2537.046771122821,2004.8834580378355,273.1963399915403,0.0,0.0,62.70490781655913,15.573770819568173,0.0,0.0,133.50499872034004,139.6913412712002,0.0,0.0,0.0,0.0,0.0,0.0,0.0
165,1832.3755259936158,2012.4090847240989,0.6121974157438542,0.2858720334953464,-0.2913474606512013,49,0.0,0.009706239424929753,1.3351607539924975,-0.3138338952793184,1832.3755259936158,2012.4090847240989,268.8612513067791,0.0,0.0,63.009702598674096,15.57725412673623,0.0,0.0,109.58756431520692,159.27368699157213,0.0,0.0,0.0,0.0,0.0,0.0,0.0
166,3075.1828450425005,2017.9994443548999,0.40027975068901345,-0.20422504006314446,-0.13287804466358602,49,0.0,0.021917665909376136,3.965772672707456,-1.495819539538115,3075.1828450425005,2017.9994443548999,477.6342923340229,0.0,0.0,62.4721418700098,15.578687574254884,0.0,0.0,226.3178412141782,251.31645111984471,0.0,0.0,0.0,0.0,0.0,0.0,0.0
167,2542.925336769106,2021.5845416210175,0.8103344540523729,-0.3891372765321207,-0.046260680096401365,49,0.0,0.056663761867344946,6.260012970995453,-1.9914380827169342,2542.925336769106,2021.5845416210175,744.5710730737028,0.0,0.0,62.70235153928662,15.580724701965737,0.0,0.0,352.7840176363851,391.7870554373177,0.0,0.0,0.0,0.0,0.0,0.0,0.0
168,3016.359698054987,2039.501807936894,0.8825011952018474,0.028808150225697233,-0.10679565763378279,49,0.0,0.013194914998533916,1.4441198425764081,-0.3990080883644719,3016.359698054987,2039.501807936894,267.813095120597,0.0,0.0,62.497556835849366,15.587718107127714,0.0,0.0,141.56372443604397,126.24937068455303,0.0,0.0,0.0,0.0,0.0,0.0,0.0
169,1173.4797361271126,2039.749475542748,0.4868816206317064,-0.141922636599784,0.2683441536676351,49,0.0,0.007698482300915906,1.185398684338781,-0.18466110221125956,1173.4797361271126,2039.749475542748,275.80080067647486,0.0,0.0,63.29471922566301,15.588591481940462,0.0,0.0,114.70580048995942,161.09500018651542,0.0,0.0,0.0,0.0,0.0,0.0,0.0
170,1342.3251596670414,2062.560176570731,0.3154299075158079,-0.12439563917485484,0.510305615006994,49,0.0,0.006286612719788541,1.1228474712197745,-0.12580191312337108,1342.3251596670414,2062.560176570731,286.35091628766406,0.0,0.0,63.22168626256307,15.598144720827154,0.0,0.0,135.4354225681143,150.91549371954977,0.0,0.0,0.0,0.0,0.0,0.0,0.0
171,3108.856193985908,2064.6500495392306,0.5192662977029612,-0.09374693549338382,0.163659466971513,49,0.0,0.010064159462317786,1.5827557930020815,-0.4985347793650441,3108.856193985908,2064.6500495392306,301.52090189813293,0.0,0.0,62.4575170097524,15.598081444110637,0.0,0.0,144.68208551542187,156.8388163827111,0.0,0.0,0.0,0.0,0.0,0.0,0.0
172,1474.586091969492,2075.6627229041483,0.3465022391393994,-0.07809647717764726,-0.22620976480526667,49,0.0,0.01752145956868714,3.46230231398188,-1.3484124650023737,1474.586091969492,2075.6627229041483,437.66933477381053,0.0,0.0,63.16447222337937,15.603625535060145,0.0,0.0,207.45112103685793,230.2182137369526,0.0,0.0,0.0,0.0,0.0,0.0,0.0
173,2621.5297535368536,2093.961929099157,0.9254097144573885,-0.2557178315341047,-0.18811088713951643,49,0.0,0.04014734087196155,4.100473307514559,-1.5320849728834944,2621.5297535368536,2093.961929099157,537.8946407940493,0.0,0.0,62.66828810374053,15.610815521553505,0.0,0.0,258.58308140689593,279.31155938715335,0.0,0.0,0.0,0.0,0.0,0.0,0.0
174,2331.3769708744026,2107.201511407843,0.36228445702410694,0.07638429091075216,0.07896835549538181,49,0.0,0.043893652213566114,2.370548310620024,-0.9371220261379665,2331.3769708744026,2107.201511407843,8370.83320016528,0.0,0.0,62.79380110449102,15.616547027358337,0.0,0.0,3988.019688243487,4382.813511921793,0.0,0.0,0.0,0.0,0.0,0.0,0.0
175,2440.9526727881002,2108.1275631116523,0.790334210048632,-0.046358985041803566,0.11956817593793195,49,0.0,0.027758503605152342,3.2943641869220786,-1.2944290201959838,2440.9526727881002,2108.1275631116523,417.23820944892134,0.0,0.0,62.74639580746439,15.616859958329629,0.0,0.0,181.49166682363872,235.74654262528261,0.0,0.0,0.0,0.0,0.0,0.0,0.0
176,2322.216534439009,2112.2177738989694,0.5975211382408523,-0.2139314059025331,-0.017552704626097742,49,0.0,0.07304089337080986,2.0413818971669158,-0.7748106478966303,2322.216534439009,2112.2177738989694,12930.641756045841,0.0,0.0,62.79776096971275,15.61864271183998,0.0,0.0,6308.224125798726,6622.417630247114,0.0,0.0,0.0,0.0,0.0,0.0,0.0
177,2340.149421184479,2114.221780828985,0.7577319588084048,0.4937184750444945,-0.026426498328520082,49,0.0,0.08117093633655768,2.054833071152221,-0.7819413669632154,2340.149421184479,2114.221780828985,12687.315973374923,0.0,0.0,62.79000144557872,15.619466591114303,0.0,0.0,6195.699358767357,6491.616614607566,0.0,0.0,0.0,0.0,0.0,0.0,0.0
178,2350.2211961889325,2117.1751888662075,0.20987293409058233,-0.040160053003157926,-0.40749258184663384,49,0.0,0.032467030947966484,1.2200522136083334,-0.21594604307364795,2350.2211961889325,2117.1751888662075,5980.00774343247,0.0,0.0,62.78564219722637,15.620690787425128,0.0,0.0,2870.425392496642,3109.5823509358274,0.0,0.0,0.0,0.0,0.0,0.0,0.0
179,2310.9792806265427,2119.920496956336,0.28560481553703687,-0.9420287884367807,0.24330909902263895,49,0.0,0.0423785179776955,1.8962331872102558,-0.6947293579422327,2310.9792806265427,2119.920496956336,10064.153525949649,0.0,0.0,62.80261775738445,15.621858904704428,0.0,0.0,4707.392425727037,5356.761100222612,0.0,0.0,0.0,0.0,0.0,0.0,0.0
180,1049.2737966336433,2121.4815884405216,0.8242449062154058,-0.04213095991460552,0.04969439576220431,49,0.0,0.01114107042480351,1.1783275087221727,-0.1781650416249252,1049.2737966336433,2121.4815884405216,283.97535541881,0.0,0.0,63.348486159360554,15.622594462080205,0.0,0.0,137.36040251259217,146.61495290621787,0.0,0.0,0.0,0.0,0.0,0.0,0.0
181,2350.2600940924995,2124.6058905469904,0.6561284970938579,0.19460308381712882,-0.8626522376050132,49,0.0,0.0488387562613405,1.3869550258825623,-0.35515594661308636,2350.2600940924995,2124.6058905469904,8147.200610998961,0.0,0.0,62.785620533851954,15.62378679455743,0.0,0.0,3895.3477894076386,4251.852821591323,0.0,0.0,0.0,0.0,0.0,0.0,0.0
182,1915.744550799982,2127.6578434247253,0.7282051723147386,-0.014744333130518643,0.10757139370026403,49,0.0,0.018408704816382845,2.318610887116869,-0.9130696769450817,1915.744550799982,2127.6578434247253,309.03619878444397,0.0,0.0,62.97360972118988,15.6252544796458,0.0,0.0,148.0717955897076,160.9644031947364,0.0,0.0,0.0,0.0,0.0,0.0,0.0
183,2306.295935433459,2129.109858959426,0.8333009284030044,0.6133766844335642,0.39187303834156195,49,0.0,0.03863321637345683,1.9347893004804262,-0.7165841926108208,2306.295935433459,2129.109858959426,7388.202803948717,0.0,0.0,62.804638301785886,15.625690505454385,0.0,0.0,3575.2770716412097,3812.925732307507,0.0,0.0,0.0,0.0,0.0,0.0,0.0
184,2331.1541761532308,2132.8542545068008,0.4185374298826996,-0.6216781463958052,-0.9695628699622364,49,0.0,2.853920766985986,203.90568426489133,-5.773573331861566,2331.1541761532308,2132.8542545068008,192213.59958542624,0.0,0.0,62.79388122412153,15.627235493248172,0.0,0.0,95226.88354956053,96986.71603586568,0.0,0.0,0.0,0.0,0.0,0.0,0.0
185,2342.5398467074883,2140.6084714354374,0.6598138720812269,0.45259577369746234,0.6017589621895955,49,0.0,0.04070815442255403,1.043378533738865,-0.04610474347629175,2342.5398467074883,2140.6084714354374,15025.039152680432,0.0,0.0,62.78895028858567,15.630459211686823,0.0,0.0,7431.662978231877,7593.376174448556,0.0,0.0,0.0,0.0,0.0,0.0,0.0
186,2312.726214202492,2147.7043222520465,0.6435383102316335,0.3278614650952823,-0.4840686479498577,49,0.0,0.035787855775098354,1.2731144421987497,-0.26216861200426794,2312.726214202492,2147.7043222520465,5105.484419205555,0.0,0.0,62.80184480096511,15.633434104487005,0.0,0.0,2428.0537815989555,2677.4306376066,0.0,0.0,0.0,0.0,0.0,0.0,0.0
187,2328.4899938676785,2153.2783273830896,0.8379705167930229,-0.4346825471565451,-0.17825356616655608,49,0.0,0.03077803858301993,1.6837452594728302,-0.5656909649787715,2328.4899938676785,2153.2783273830896,5062.087840956183,0.0,0.0,62.79502096244151,15.63574690958399,0.0,0.0,2471.160416596056,2590.9274243601267,0.0,0.0,0.0,0.0,0.0,0.0,0.0
188,2055.4014403616275,2179.810760476277,0.7958838599545143,0.1419615233897188,0.0750255482975611,49,0.0,0.021446248580743767,2.5801061249190185,-1.0290939243255495,2055.4014403616275,2179.810760476277,320.8711875385238,0.0,0.0,62.91316669626221,15.64693880840576,0.0,0.0,159.06930549636624,161.80188204215762,0.0,0.0,0.0,0.0,0.0,0.0,0.0
189,895.9426274764339,2184.2217012825595,0.5080737057672804,-0.14313052836591808,0.1363958734632953,49,0.0,0.05332534328150715,7.58500700784024,-2.1998899659264977,895.9426274764339,2184.2217012825595,996.5579361809911,0.0,0.0,63.41486137108514,15.648653812975443,0.0,0.0,509.614849380234,486.9430868007571,0.0,0.0,0.0,0.0,0.0,0.0,0.0
190,796.4473318115084,2190.999249250716,0.4824430949478907,-0.08491219952985689,0.09043657928294165,49,0.0,0.02181367387162164,3.0064932886224875,-1.195150596773874,796.4473318115084,2190.999249250716,541.6510780139685,0.0,462.78670832120963,63.4579165092367,15.651413989605906,0.0,0.0,240.55136951298732,301.09970850098114,0.0,0.0,0.0,0.0,0.0,0.0,0.0
191,2659.0000552129345,2196.7041435688902,0.519270291605656,0.05908932750664472,0.10470920556232848,49,0.0,0.007658070190982003,1.150150064660837,-0.151886270454254,2659.0000552129345,2196.7041435688902,254.15286490840705,0.0,0.0,62.65198417970897,15.653589756193817,0.0,0.0,120.41738153913931,133.73548336926774,0.0,0.0,0.0,0.0,0.0,0.0,0.0
192,1169.613759317627,2237.8546529143473,0.4053351548755551,-0.3605255880771399,-0.2686088389587208,49,0.0,0.022055671429847035,3.8230485143835646,-1.4560245230984392,1169.613759317627,2237.8546529143473,495.7403823602088,0.0,0.0,63.29646562595418,15.671132188738763,0.0,0.0,243.4977271870506,252.24265517315825,0.0,0.0,0.0,0.0,0.0,0.0,0.0
193,3154.6544632488444,2238.9277555010353,0.7832186207633899,-0.013931178318219595,-0.373510390273421,49,0.0,0.013137651890498685,1.6868959019960197,-0.5677207079790341,3154.6544632488444,2238.9277555010353,443.7426173397706,0.0,25.544000936786464,62.437472346746844,15.670631673766243,0.0,0.0,97.09747149273937,100.80409112974182,188.80383989677588,57.03721482051356,0.0,0.0,0.0,0.0,0.0
194,939.5261327427934,2268.911865707067,0.6116712715006116,-0.811100624823275,-0.3169543591020059,49,0.0,0.028031676215383897,3.5304222651461523,-1.3695666334803047,939.5261327427934,2268.911865707067,565.9651064523907,0.0,0.0,63.39605180692686,15.683965466904876,0.0,0.0,275.7166978086106,290.2484086437801,0.0,0.0,0.0,0.0,0.0,0.0,0.0
195,2965.0444573961836,2270.1995508688215,0.5729656075330103,-0.3454627666067063,-0.1289293434527757,49,0.0,0.2230254129169173,34.15040125391677,-3.83348952709645,2965.0444573961836,2270.1995508688215,2379.0053916971465,0.0,0.0,62.519478936865255,15.683895786646772,0.0,0.0,1145.778860760749,1233.2265309363975,0.0,0.0,0.0,0.0,0.0,0.0,0.0
196,2353.6335042582023,2284.0088292734436,0.3006579287139984,-0.31537499377515227,0.1676413889933748,49,0.0,0.011529714572984117,2.189501144173167,-0.8508629411964318,2353.6335042582023,2284.0088292734436,371.40280137930415,0.0,0.0,62.7840568531226,15.69020017783911,0.0,0.0,193.35319501849563,178.04960636080853,0.0,0.0,0.0,0.0,0.0,0.0,0.0
197,1259.3396646979509,2285.999326457577,0.44610348095943875,-0.5352234426297409,-0.2689312061905019,49,0.0,0.012775905468259439,2.0954063294975325,-0.8031706285753464,1259.3396646979509,2285.999326457577,337.5005318043875,0.0,0.0,63.25765146982171,15.691221381116211,0.0,0.0,156.441674911225,181.05885689316256,0.0,0.0,0.0,0.0,0.0,0.0,0.0
198,1181.8064199845026,2295.68883394557,0.5954075431151171,-0.2580334373957152,0.07985102376968799,49,0.0,0.01740704509456159,2.4111189840767606,-0.9555466062556843,1181.8064199845026,2295.68883394557,384.9143689800678,0.0,0.0,63.291210352192714,15.695233480554313,0.0,0.0,183.5683922519888,201.345976728079,0.0,0.0,0.0,0.0,0.0,0.0,0.0
199,1705.9561541765313,2318.516279639102,0.8703891906637413,-0.2795651081531057,0.013755130538535363,49,0.0,0.05568160227759737,5.911596298845369,-1.9292619213956659,1705.9561541765313,2318.516279639102,682.5900558298995,0.0,0.0,63.06435754263794,15.704814556785317,0.0,0.0,325.94233397753953,356.64772185235984,0.0,0.0,0.0,0.0,0.0,0.0,0.0
200,2841.5656120361987,2346.123599853883,0.5805518767869379,-0.3992480832455054,-0.22912386194868378,49,0.0,0.17150783469890343,25.396858966032532,-3.5119500181174867,2841.5656120361987,2346.123599853883,1966.684321074858,0.0,0.0,62.572830680062815,15.71566543436886,0.0,0.0,981.1571152596623,985.5272058151957,0.0,0.0,0.0,0.0,0.0,0.0,0.0
201,1192.0984335251137,2353.4840087589387,0.4278385005588874,-0.36600178333356276,-0.15840695403653113,49,0.0,0.02737719029923103,4.827929248009019,-1.7094022425108686,1192.0984335251137,2353.4840087589387,528.6276899891193,0.0,0.0,63.28677652693169,15.719317644886628,0.0,0.0,279.4354209698893,249.19226901923,0.0,0.0,0.0,0.0,0.0,0.0,0.0
202,1925.6253403272008,2370.703499741679,0.5784025926364722,-0.07188972802232442,-0.10919759123804292,49,0.0,0.16059978708364228,24.196724444535956,-3.459391446774853,1925.6253403272008,2370.703499741679,1814.510453084228,0.0,0.0,62.96926618006238,15.726518237621255,0.0,0.0,842.9669316739976,971.5435214102304,0.0,0.0,0.0,0.0,0.0,0.0,0.0
203,3103.6540689703006,2380.3347135988984,0.6048198205351503,-0.15925767536894456,0.3450767460197105,49,0.0,0.008440004844144136,1.094784590284478,-0.09832168959841645,3103.6540689703006,2380.3347135988984,450.21604277157417,0.0,183.90090523833027,62.459355208105066,15.729612141521402,0.0,0.0,95.98610795236917,92.37663651529378,123.87794892193392,137.9753493819773,0.0,0.0,0.0,0.0,0.0
204,2850.6798171137525,2407.227636973682,0.6875602302420833,-0.1977207145732649,-0.17379948352294028,49,0.0,0.03254804709771687,4.20397366305331,-1.559149966519409,2850.6798171137525,2407.227636973682,481.10368344829305,0.0,0.0,62.568819653921956,15.741113827578634,0.0,0.0,218.78376481768169,262.3199186306114,0.0,0.0,0.0,0.0,0.0,0.0,0.0
205,1376.160374773931,2461.053555072713,0.7997783425331274,-0.46886141379701124,-0.16788474575774878,49,0.0,0.014964566569618606,1.780012655421599,-0.6260577250983983,1376.160374773931,2461.053555072713,293.87193756744114,0.0,0.0,63.20712695055754,15.764186339572879,0.0,0.0,151.37781245867092,142.49412510877025,0.0,0.0,0.0,0.0,0.0,0.0,0.0
206,2182.80305802754,2488.5783832637794,0.7356285931869151,-0.02518986534880094,0.11817980435068007,49,0.0,0.037920039438573847,4.703792972479008,-1.6811204973340235,2182.80305802754,2488.5783832637794,529.6287847491908,0.0,0.0,62.85788493677213,15.775530955053314,0.0,0.0,267.1822105210171,262.4465742281737,0.0,0.0,0.0,0.0,0.0,0.0,0.0
207,2410.6826384918086,2500.6615645773268,0.6931935620629467,-0.11372369308047478,0.20680347566930482,49,0.0,0.01904749047015907,2.3429548022115227,-0.9244097768280225,2410.6826384918086,2500.6615645773268,374.09943078364176,0.0,0.0,62.75921500410426,15.780429499543832,0.0,0.0,173.09189913235306,201.0075316512887,0.0,0.0,0.0,0.0,0.0,0.0,0.0
208,3132.248662232018,2548.1402058733433,0.7601463909469417,-0.2957336872360452,-0.12881173866362364,49,0.0,0.027595728877233515,2.917211699995383,-1.1624198667739216,3132.248662232018,2548.1402058733433,650.7655746099067,0.0,166.65740928338155,62.44675567679599,15.79948663767661,0.0,0.0,162.5764518224595,171.94641129451176,176.85993939659292,139.38277209634248,0.0,0.0,0.0,0.0,0.0
209,1889.725406194868,2553.460815805527,0.6023397397195908,-0.325875445607757,0.04504032182738966,49,0.0,0.06814249191154861,9.835189146570888,-2.48195679129983,1889.725406194868,2553.460815805527,898.7574727317522,0.0,0.0,62.984759944166946,15.802673346281322,0.0,0.0,435.2152023239903,463.54227040776186,0.0,0.0,0.0,0.0,0.0,0.0,0.0
210,2418.606512618487,2552.6061849404796,0.9150993578809079,-0.7963351871789691,-0.2766946703307065,49,0.0,0.012517021739006698,1.1867807302398934,-0.18592621515510283,2418.606512618487,2552.6061849404796,307.19882633315257,0.0,0.0,62.755747340207044,15.802066173427551,0.0,0.0,139.1357197490401,168.06310658411246,0.0,0.0,0.0,0.0,0.0,0.0,0.0
211,2231.6425463842875,2569.3006708399857,0.2071258869193178,-0.5236916586420257,0.028830019565967754,49,0.0,0.017768917039719813,4.178792759415478,-1.5526270838329603,2231.6425463842875,2569.3006708399857,497.79197767663004,0.0,0.0,62.83669524152111,15.809137961805725,0.0,0.0,259.9438326172308,237.84814505939931,0.0,0.0,0.0,0.0,0.0,0.0,0.0
212,2880.8730730922125,2579.073919967625,0.6046082991399295,0.0032166388419054576,-0.2631054737551446,49,0.0,0.011622170918343883,1.7264083792283595,-0.5928588380467641,2880.8730730922125,2579.073919967625,290.58346382978164,0.0,0.0,62.55555909693691,15.812677455421959,0.0,0.0,140.70546307751982,149.8780007522618,0.0,0.0,0.0,0.0,0.0,0.0,0.0
213,2467.2989940108405,2582.097529898057,0.7344523354930579,-0.3788025393243432,-0.11512086552398457,49,0.0,0.08594993997129982,10.525772356038516,-2.555634932922178,2467.2989940108405,2582.097529898057,989.8774708122875,0.0,0.0,62.73464105705422,15.814318189194205,0.0,0.0,488.23728733895894,501.64018347332853,0.0,0.0,0.0,0.0,0.0,0.0,0.0
214,1241.013225874134,2612.9806889784645,0.4517549611787289,-0.3046391467950871,-0.40683939959522003,49,0.0,0.016086090927719926,2.666061191297566,-1.0646752827413906,1241.013225874134,2612.9806889784645,402.13050493949163,0.0,0.0,63.26568506774306,15.82745239236814,0.0,0.0,195.7573239756984,206.37318096379326,0.0,0.0,0.0,0.0,0.0,0.0,0.0
215,2843.519779996322,2626.5488167067856,0.2359554765576042,-0.30157016867238,0.25793574337716857,49,0.0,0.007248378578142514,1.3844211574318512,-0.35317056945773134,2843.519779996322,2626.5488167067856,321.5437665030762,0.0,0.0,62.5716819720164,15.832497179704278,0.0,0.0,161.61934305560607,159.92442344747016,0.0,0.0,0.0,0.0,0.0,0.0,0.0
216,1513.4965932785674,2662.993383509708,0.6885535609303237,-0.39367261911182183,-0.10368789547874806,49,0.0,0.05808597111940093,7.814169051817784,-2.2322070063047934,1513.4965932785674,2662.993383509708,691.6983876005277,0.0,0.0,63.14768364376511,15.848342074507487,0.0,0.0,329.03194118282283,362.6664464177048,0.0,0.0,0.0,0.0,0.0,0.0,0.0
217,2551.70697194595,2666.2303528426155,0.4281971496262505,-0.18086095007486608,-0.2845435037434148,49,0.0,0.024569545842290208,4.272532255793305,-1.576713375357397,2551.70697194595,2666.2303528426155,513.3584630811013,0.0,0.0,62.69802052039747,15.849304841630882,0.0,0.0,230.7271691466936,282.63129393440767,0.0,0.0,0.0,0.0,0.0,0.0,0.0
218,1670.0298868664468,2672.042729168042,0.6865985487427949,0.08648508169166474,0.010854244762684307,49,0.0,0.014725157573351208,1.8754776096422923,-0.6827797092509181,1670.0298868664468,2672.042729168042,355.2413112116092,0.0,0.0,63.07988572546503,15.85211358398243,0.0,0.0,169.41301721950862,185.82829399210058,0.0,0.0,0.0,0.0,0.0,0.0,0.0
219,3000.6272609762595,2677.773926699477,0.8917200170198188,-0.7403269755050378,-0.4401754269461895,49,0.0,0.013535777957934009,1.4281379725234813,-0.3869254167289549,3000.6272609762595,2677.773926699477,475.5608806546033,0.0,116.75513405140583,62.5035853074536,15.853660151606007,0.0,0.0,105.35333302110497,127.03361966548894,104.50695677034714,138.6669711976623,0.0,0.0,0.0,0.0,0.0
220,3043.0012458241627,2711.8429519637994,0.527829042881828,-0.32105492445403644,-0.053832321499018225,49,0.0,1.7420504335990588,246.05164846842294,-5.977565697539672,3043.0012458241627,2711.8429519637994,28717.99722134736,0.0,12194.621497555401,62.4851912033643,15.867802023454885,0.0,0.0,6934.771019335587,7543.270965249432,7062.086011469713,7177.869225292628,0.0,0.0,0.0,0.0,0.0
221,3197.576457031003,2719.949448018978,0.7427819016483412,-0.139606277899986,0.15589151565603224,49,0.0,0.02692355702529718,3.179909117370459,-1.2560367697814165,3197.576457031003,2719.949448018978,598.5723125505664,0.0,0.0,62.418232920791,15.870976963664242,0.0,0.0,135.78091723940688,166.63779236365139,153.26935716133696,142.88424578617116,0.0,0.0,0.0,0.0,0.0
222,3192.499775869001,2720.7268577093378,0.4868400328906423,-0.6260031620987511,-0.32416050027217375,49,0.0,0.013341836459988226,1.537961059330789,-0.46736334852722095,3192.499775869001,2720.7268577093378,739.9673087101932,0.0,0.0,62.420430577976695,15.871307811807274,0.0,0.0,164.82691849406444,200.12103482356642,196.6781246264329,178.3412307661295,0.0,0.0,0.0,0.0,0.0
223,2248.2735032675546,2728.234800953921,0.5398660354201813,-0.09589667019472962,-0.005963134475913903,49,0.0,0.07461926487679561,11.205560212293236,-2.6235839339773053,2248.2735032675546,2728.234800953921,1040.7015241488857,0.0,0.0,62.82940406096608,15.875346746323942,0.0,0.0,481.291432545441,559.4100916034447,0.0,0.0,0.0,0.0,0.0,0.0,0.0
224,1953.1225299775833,2733.1136925231244,0.8554870356582872,-0.23639153857132683,-0.111332507492563,49,0.0,0.040649443188337395,4.385208980621679,-1.604975737110443,1953.1225299775833,2733.1136925231244,555.6790636263001,0.0,0.0,62.957252617748686,15.877506684512493,0.0,0.0,242.0311066181856,313.6479570081145,0.0,0.0,0.0,0.0,0.0,0.0,0.0
225,2407.123162841719,2761.8653443014355,0.40882203597568034,-0.12621949262929863,-0.2470839579902271,49,0.0,0.012495720660402262,2.3150646853057104,-0.9114078254031375,2407.123162841719,2761.8653443014355,357.9853094479206,0.0,0.0,62.76057289392281,15.88925870906869,0.0,0.0,172.10803332367158,185.87727612424902,0.0,0.0,0.0,0.0,0.0,0.0,0.0
226,73.80960953269334,2770.7277013426415,0.2378419459618192,0.21238383268097652,0.36052870710685836,49,0.0,0.0055577703373652755,1.430148711072985,-0.38845299757950924,73.80960953269334,2770.7277013426415,374.73792511971845,0.0,230.9123254511697,63.77135163821785,15.89222638835403,219.51918012979192,155.2187449899265,0.0,0.0,0.0,0.0,0.0,0.0,0.0,0.0,0.0
227,2597.1308471642838,2783.742326707411,0.4004119369640335,0.06834958633224411,0.05918581095106674,49,0.0,0.009086066777090972,1.5115774862937865,-0.44857603708308624,2597.1308471642838,2783.742326707411,345.3269753983765,0.0,0.0,62.678245680383114,15.898225451025361,0.0,0.0,161.43993834059648,183.8870370577799,0.0,0.0,0.0,0.0,0.0,0.0,0.0
228,1729.4724609052882,2787.8798694912684,0.4687430012572388,-0.27536708564993095,-0.16575379821312716,49,0.0,0.07609474699966833,12.70471455853729,-2.7599122801080913,1729.4724609052882,2787.8798694912684,1105.152296772259,0.0,0.0,63.05412662912094,15.900370701576296,0.0,0.0,531.0330103138803,574.1192864583787,0.0,0.0,0.0,0.0,0.0,0.0,0.0
229,2604.6145244889185,2802.853713770787,0.41178734653902566,-0.17005187423954832,-0.42701058425729155,49,0.0,0.017794849738988615,1.7357150400062733,-0.5986960666301109,2604.6145244889185,2802.853713770787,1339.9941731877252,0.0,0.0,62.67498706616839,15.906181241089172,0.0,0.0,660.0353788153152,679.9587943724098,0.0,0.0,0.0,0.0,0.0,0.0,0.0
230,2521.406783035883,2806.597711901011,0.3572435807612873,0.39869479214356274,-0.1391559752634388,49,0.0,0.010586882785557446,1.7506572280431048,-0.6080028030413163,2521.406783035883,2806.597711901011,396.05558857575295,0.0,0.0,62.71103104630718,15.907810230473787,0.0,0.0,167.76330612368315,228.2922824520698,0.0,0.0,0.0,0.0,0.0,0.0,0.0
231,2583.6180365938926,2807.0835142245764,0.8381563384580344,-0.7708206014408395,-0.24977426513889597,49,0.0,0.024244007182571706,1.8606915846649579,-0.6741859836352627,2583.6180365938926,2807.0835142245764,1305.2795317457872,0.0,0.0,62.68407944465637,15.907961486608231,0.0,0.0,625.2090606850613,680.0704710607257,0.0,0.0,0.0,0.0,0.0,0.0,0.0
232,2610.093228781018,2808.1494021553863,0.3398859863445671,-0.619795404975655,-0.013680051364895323,49,0.0,0.015020011785674654,1.5959638823748183,-0.5075576469496794,2610.093228781018,2808.1494021553863,1288.2263883394799,0.0,0.0,62.67260895934265,15.908382781852064,0.0,0.0,655.527203056685,632.6991852827947,0.0,0.0,0.0,0.0,0.0,0.0,0.0
233,2827.0602663156187,2812.3516446881767,0.6713683310190367,-0.22499063772563221,0.0023218366782361047,49,0.0,0.32642788979166165,44.637432144805985,-4.1242480075311505,2827.0602663156187,2812.3516446881767,3106.8476366281675,0.0,0.0,62.57861149448343,15.909924034969697,0.0,0.0,1480.6019180754126,1626.245718552755,0.0,0.0,0.0,0.0,0.0,0.0,0.0
234,2858.8682751718493,2813.009592217856,0.3732049712701428,-0.7749170719958673,-0.14241645168282194,49,0.0,0.005793384190405722,1.0199640346637366,-0.02146214552621767,2858.8682751718493,2813.009592217856,257.7376100531615,0.0,0.0,62.56483123744184,15.910164017505586,0.0,0.0,115.85583184664652,141.88177820651498,0.0,0.0,0.0,0.0,0.0,0.0,0.0
235,2985.320650863104,2821.1290480234316,0.5557137929451803,-0.5279656093555791,-0.14834864175849805,49,0.0,0.13353565671417006,18.8906541175937,-3.1906174907208174,2985.320650863104,2821.1290480234316,2477.680484516979,0.0,867.4616184607303,62.510041629692125,15.913402355551689,0.0,0.0,475.83779355480067,502.58414897471425,776.7979576343527,722.4605843531117,0.0,0.0,0.0,0.0,0.0
236,3132.6939067853586,2848.828631122283,0.328379302981579,-0.2899072502002451,0.06079897053815723,49,0.0,0.02272163759080956,3.614609325007596,-1.3951534116405961,3132.6939067853586,2848.828631122283,783.6611185210149,0.0,0.0,62.446162188717125,15.924756491335597,0.0,0.0,167.67320873613352,196.99462984014053,203.73757490463788,215.25570504010295,0.0,0.0,0.0,0.0,0.0
237,142.24813098847133,2858.7841374615978,0.3595601511313735,-0.6734964677130129,0.03205145333457749,49,0.0,0.006930668617044313,1.7207550330935473,-0.5892976212749572,142.24813098847133,2858.7841374615978,252.8269472960111,0.0,51.10378462874506,63.74181878699099,15.928999589976867,125.03870570950943,127.78824158650168,0.0,0.0,0.0,0.0,0.0,0.0,0.0,0.0,0.0
238,2470.2522604679516,2874.441132276827,0.7264556887511344,-0.2551912942230936,-0.31486188625559747,49,0.0,0.08464306569453765,3.563977709704354,-1.3798374478799158,2470.2522604679516,2874.441132276827,12386.060706326938,0.0,0.0,62.73314100686088,15.936114962605412,0.0,0.0,5977.89829063031,6408.162415696631,0.0,0.0,0.0,0.0,0.0,0.0,0.0
239,2465.8862308566463,2878.2533737123504,0.23210841823020648,-0.3439269513632877,-0.6729270137396839,49,0.0,0.10128393549468183,2.181460596576157,-0.8468684319799208,2465.8862308566463,2878.2533737123504,16948.28138834692,0.0,0.0,62.735029862776415,15.937706502812562,0.0,0.0,8130.614122978824,8817.667265368098,0.0,0.0,0.0,0.0,0.0,0.0,0.0
240,2481.3823553625375,2881.1998707570224,0.38971189401473216,-0.5774380072562207,-0.2978291834118884,49,0.0,0.14265000438143388,4.053054181353442,-1.5194560236063557,2481.3823553625375,2881.1998707570224,26636.239839044694,0.0,0.0,62.728313343981135,15.938922370392298,0.0,0.0,12991.166444707194,13645.073394337498,0.0,0.0,0.0,0.0,0.0,0.0,0.0
241,2499.4111536020046,2886.9673476772346,0.3684831810372867,-0.18900509604083812,-0.40843565460420883,49,0.0,0.05120527957295,1.5406259656225325,-0.46924303290350244,2499.4111536020046,2886.9673476772346,8648.630208774597,0.0,0.0,62.720497165469254,15.941311339174778,0.0,0.0,4172.627361937973,4476.0028468366245,0.0,0.0,0.0,0.0,0.0,0.0,0.0
242,2461.8375193696866,2888.5772885838087,0.49002813466226647,-0.606874012596016,-0.7113023572500997,49,0.0,0.1864265245660028,4.697288691065571,-1.6796181308625813,2461.8375193696866,2888.5772885838087,33276.68387076467,0.0,0.0,62.736776375168056,15.942010693088491,0.0,0.0,15870.305878922765,17406.3779918419,0.0,0.0,0.0,0.0,0.0,0.0,0.0
243,163.10003746642573,2888.066372005635,0.8919194416594841,0.23065570052590087,-0.5910083640340058,49,0.0,0.01440341449979585,1.7853826928213858,-0.6293283012141859,163.10003746642573,2888.066372005635,258.31926004399804,0.0,31.230841508126154,63.73282161792046,15.941224861571076,112.24393181519746,146.07532822880057,0.0,0.0,0.0,0.0,0.0,0.0,0.0,0.0,0.0
244,2450.4222867958174,2892.3848222326283,0.5680398163417649,0.14491181614531018,0.3049649185087087,49,0.0,0.06850983828650559,2.343309437359077,-0.92457410397657,2450.4222867958174,2892.3848222326283,10640.386404360419,0.0,0.0,62.7417197338178,15.943605446129869,0.0,0.0,5033.925672540236,5606.460731820183,0.0,0.0,0.0,0.0,0.0,0.0,0.0
245,2502.4320781271176,2891.8047612571677,0.3901836602484269,-0.03400029327953106,-0.8703070544426881,49,0.0,0.04803693890947858,1.7886128734658542,-0.6312908806094317,2502.4320781271176,2891.8047612571677,6946.847309305994,0.0,0.0,62.71918442270186,15.943324350493853,0.0,0.0,3344.8850951831164,3601.962214122878,0.0,0.0,0.0,0.0,0.0,0.0,0.0
246,2491.2427252673483,2894.1113113374004,0.4409220911239315,-0.3736116957424861,-0.8692747270642683,49,0.0,0.16945692180643654,3.0415269185705482,-1.2077291611827219,2491.2427252673483,2894.1113113374004,28855.935755706174,0.0,0.0,62.72403094878061,15.944293986987265,0.0,0.0,13823.02148232406,15032.914273382114,0.0,0.0,0.0,0.0,0.0,0.0,0.0
247,1149.434752691388,2896.4018612878854,0.588876905482854,-0.7101207429026625,-0.18399559581388433,49,0.0,0.21225808846556452,28.88455988749947,-3.65166438651489,1149.434752691388,2896.4018612878854,3407.2650761152026,0.0,0.0,63.30545622294708,15.945503623698112,0.0,0.0,1626.298945929762,1780.9661301854408,0.0,0.0,0.0,0.0,0.0,0.0,0.0
248,2491.2702880861902,2895.465972841244,0.7209569846422927,0.7848228675285918,-0.35752003833245366,49,0.0,0.19060203057414704,3.4590767956621398,-1.3474005099521165,2491.2702880861902,2895.465972841244,29288.841085663378,0.0,0.0,62.72401795536021,15.944858345285725,0.0,0.0,14028.619953718535,15260.221131944842,0.0,0.0,0.0,0.0,0.0,0.0,0.0
249,2451.6125727267076,2906.8038145932255,0.9465155635689105,0.6483125081410853,-0.66387075236278,49,0.0,0.06681980765967092,1.425094783487182,-0.3846093759078403,2451.6125727267076,2906.8038145932255,11764.945577089686,0.0,0.0,62.74119329974981,15.949611823390159,0.0,0.0,5685.596857009461,6079.348720080223,0.0,0.0,0.0,0.0,0.0,0.0,0.0
250,2463.822916191905,2909.76386089577,0.7269386312081049,0.1408963199743706,-0.2897369929281144,49,0.0,0.19673426351081252,2.203904592300524,-0.8579819746164872,2463.822916191905,2909.76386089577,36693.20020066602,0.0,0.0,62.735900187884475,15.950835975343477,0.0,0.0,17700.506136799704,18992.694063866315,0.0,0.0,0.0,0.0,0.0,0.0,0.0
251,2497.9170700826458,2907.318538980264,0.31045908768551844,0.03382712229267706,0.6756819493753822,49,0.0,0.039475635321572375,1.938846617084639,-0.7188586330776372,2497.9170700826458,2907.318538980264,10444.222920250042,0.0,0.0,62.721128642018265,15.949791215293601,0.0,0.0,5119.69042094267,5324.532499307372,0.0,0.0,0.0,0.0,0.0,0.0,0.0
252,2462.872625739931,2914.812675552885,0.563735815298132,0.44929801125567026,-0.091026038252025,49,0.0,0.12022448642428425,2.4394966557530635,-0.9682505677122415,2462.872625739931,2914.812675552885,20196.534651863563,0.0,0.0,62.73630817171447,15.95294012220916,0.0,0.0,9738.286247364204,10458.248404499358,0.0,0.0,0.0,0.0,0.0,0.0,0.0
253,2476.7696273832253,2915.7481942518457,0.9443586911409128,0.5026680879686706,0.8628027235265789,49,0.0,0.15884180985136817,3.85783512617391,-1.4658591577234366,2476.7696273832253,2915.7481942518457,25290.255219917024,0.0,0.0,62.73028563216501,15.953319414730608,0.0,0.0,12459.331925668774,12830.923294248249,0.0,0.0,0.0,0.0,0.0,0.0,0.0
254,2472.616439795303,2925.5166721283235,0.598035814328346,-0.2760370188345484,0.4727397008350152,49,0.0,0.050657714949774175,2.113782025925058,-0.812650501635329,2472.616439795303,2925.5166721283235,7769.756193472816,0.0,0.0,62.73207786998893,15.95739229512371,0.0,0.0,3864.437504170739,3905.3186893020784,0.0,0.0,0.0,0.0,0.0,0.0,0.0
255,1324.1992908242235,2931.9666207457985,0.8502909816747121,-0.2889822645528247,-0.1996277402890144,49,0.0,0.014367884226897514,1.547804389449199,-0.47429018487442626,1324.1992908242235,2931.9666207457985,276.0107259801005,0.0,0.0,63.22973620811475,15.960375909456829,0.0,0.0,128.9006883350686,147.11003764503195,0.0,0.0,0.0,0.0,0.0,0.0,0.0
256,1860.9249158781315,2955.5094733272103,0.6202282688432861,-0.3424573631336503,-0.02145607848098177,49,0.0,0.07527031414034684,10.680135695686443,-2.571441926561274,1860.9249158781315,2955.5094733272103,931.4175469877923,0.0,0.0,62.99714005603244,15.970188168226526,0.0,0.0,440.9680515915173,490.449495396275,0.0,0.0,0.0,0.0,0.0,0.0,0.0
257,1565.5292821822736,2965.328118323655,0.5037840459608521,0.17802441677489805,0.13565126284248777,49,0.0,0.007972747434809366,1.1611458217303983,-0.16221690937245917,1565.5292821822736,2965.328118323655,303.7310562074042,0.0,0.0,63.12515655877118,15.974307742790598,0.0,0.0,140.96533938557508,162.76571682182907,0.0,0.0,0.0,0.0,0.0,0.0,0.0
258,1501.2939675594553,2989.1080134675053,0.8216557109354778,-0.3877894631865102,-0.1444282049671904,49,0.0,0.1221943471094033,14.146972522805882,-2.8766587750366375,1501.2939675594553,2989.1080134675053,1192.636272287524,0.0,0.0,63.15299697487982,15.984211298960211,0.0,0.0,594.7042115751782,597.9320607123458,0.0,0.0,0.0,0.0,0.0,0.0,0.0
259,2268.0723311880333,2993.218106525652,0.6514954375405131,-0.3949605544552655,-0.053352505530939995,49,0.0,0.055842821871152755,7.723993568199337,-2.219604758671843,2268.0723311880333,2993.218106525652,693.4270091897982,0.0,0.0,62.82067394590912,15.985734530492106,0.0,0.0,328.92661307696255,364.5003961128358,0.0,0.0,0.0,0.0,0.0,0.0,0.0
260,3041.0927688399056,3054.9981744174793,0.6103214385182999,-0.3374391485304925,-0.111867338042206,49,0.0,0.01648361372128727,1.6793011280784194,-0.5628214493038581,3041.0927688399056,3054.9981744174793,653.774153033291,0.0,282.3367369099393,62.48558748685552,16.010764774451665,0.0,0.0,143.60090516657243,170.82825326086936,182.96527350094303,156.3797211049062,0.0,0.0,0.0,0.0,0.0
261,2997.4266035275846,3091.6554142412992,0.3907502971195096,0.033152067074118004,-0.06267340907214113,49,0.0,0.007437599761138512,1.0073930511758806,-0.007997377108333193,2997.4266035275846,3091.6554142412992,486.5306365197802,0.0,220.9974033681721,62.50446819926651,16.0260898784337,0.0,0.0,109.83153680448801,118.42253462258091,126.4144080164922,131.86215707621915,0.0,0.0,0.0,0.0,0.0
262,2313.77307935989,3098.4467636804447,0.39180107478556353,-0.6600014111577628,-0.05424868104956969,49,0.0,0.0612573608580496,11.134793499643527,-2.616705418086813,2313.77307935989,3098.4467636804447,1101.5172724957167,0.0,0.0,62.800802156933,16.029546938367876,0.0,0.0,536.8077058326146,564.7095666631022,0.0,0.0,0.0,0.0,0.0,0.0,0.0
263,2485.1229423211903,3107.345912519285,0.40906892210744705,-0.07386772424423545,-0.0024057214471719405,49,0.0,0.01347966630471468,2.2459878732003733,-0.8785185175959004,2485.1229423211903,3107.345912519285,392.878990178876,0.0,0.0,62.72651836692352,16.033135232020022,0.0,0.0,173.28795322926305,219.59103694961297,0.0,0.0,0.0,0.0,0.0,0.0,0.0
264,1631.6996317825267,3128.7093612395342,0.34217899300867993,-0.7978430279686516,-0.19626430964958166,49,0.0,0.023677650261795847,4.492835049192719,-1.6313011852871355,1631.6996317825267,3128.7093612395342,533.6634201752169,0.0,0.0,63.09647514207002,16.042375826770094,0.0,0.0,270.85020327305847,262.81321690215844,0.0,0.0,0.0,0.0,0.0,0.0,0.0
265,2677.4886945506814,3162.731327400518,0.5470532766578549,-0.3335946566053997,-0.0833817244695129,49,0.0,0.08010880189044989,11.875690480998022,-2.68664717487268,2677.4886945506814,3162.731327400518,1149.1972444397306,0.0,0.0,62.64307952512926,16.056044592589988,0.0,0.0,559.171440563967,590.0258038757636,0.0,0.0,0.0,0.0,0.0,0.0,0.0
266,1019.5726389004689,3174.9911370803484,0.391165930743749,-0.20987466531295987,-0.6379656602310547,49,0.0,0.005408768709323524,1.2449462553704724,-0.23787650809776795,1019.5726389004689,3174.9911370803484,133.8130063386306,0.0,54.12309742922292,63.36186832067005,16.061510684955834,0.0,0.0,64.16216536706709,69.65084097156351,0.0,0.0,0.0,0.0,0.0,0.0,0.0
