id,xcentroid,ycentroid,sharpness,roundness1,roundness2,npix,sky,peak,flux,mag,xcenter,ycenter,aperture_sum,aperture_sum_mask,aperture_sum_edge,ra,dec,aperture_sum_0,aperture_sum_1,aperture_sum_2,aperture_sum_3,aperture_sum_4,aperture_sum_5,aperture_sum_6,aperture_sum_7
1,1787.723547178903,97.25314420558148,0.4143493351115247,-0.9290526279653046,0.1789637381012273,49,0.0,0.015412005921918942,1.461315201966465,-0.41185975563005384,1787.723547178903,97.25314420558148,1282.8099719735142,0.0,1165.4548241848813,344.16711536166764,-37.0512227268198,124.10094219259052,202.41792224474645,171.25468466097215,191.16996035221032,162.4650741322037,191.7341299753764,211.58026376156704,28.086994653847817
2,1796.6392685789626,97.78155083356839,0.6240836876529643,0.16225586192266142,0.018076646729000462,49,0.0,0.017257159245461597,1.343370987592244,-0.32048991181852643,1796.6392685789626,97.78155083356839,1514.5984048998562,0.0,1378.2363549953084,344.162461267982,-37.050998675084244,116.64086377675045,230.51771407400634,222.03123926533294,208.8321748950748,222.51497375622765,227.45472930046935,250.85372984472036,35.7529799872745
3,1822.4772428324272,104.7655307240268,0.9607991391101082,0.47313569743047296,0.10745775219660372,49,0.0,0.024680108921010937,1.318225524260462,-0.299974291128984,1822.4772428324272,104.7655307240268,2438.1614536559973,114.8470041085673,2236.310516762427,344.1489771693353,-37.04807668011963,228.86529002652804,392.17411411865066,378.27659356411607,352.79449881866753,354.7240022591693,319.2610494496472,347.95655424751766,64.10935117170064
4,1819.3565727416017,106.69027251726452,0.5421827270732438,0.9416178198100518,0.6351926415316326,49,0.0,0.02261203697363933,1.4703026667392927,-0.41851686232018676,1819.3565727416017,106.69027251726452,2513.3372850510264,86.14313471885518,2254.0073896985277,344.1506074138575,-37.047276373843545,214.33411456281232,405.5221754147317,387.9049851195738,346.8762196182701,375.8530360565418,344.7223858588469,362.14269892512664,75.9816694951228
5,1832.621610638946,118.32212023020823,0.5757328672551006,-0.6948755802045201,0.6285699887100122,49,0.0,0.021578309315587525,1.5293720170768286,-0.46128284909628275,1832.621610638946,118.32212023020823,2390.592401644195,30.00786778931098,1956.7916818698814,344.14369048490926,-37.042423508165385,207.23378773223874,339.7835824235374,344.4836392918477,351.58378699730133,328.15781933294477,367.56475926767195,358.0234112324745,93.76161536617872
6,1803.2455449262698,122.23411493875531,0.3184909116533299,0.07154742804088661,0.36640518424703056,49,0.0,0.03129537859083824,2.629162744960864,-1.04954367432914,1803.2455449262698,122.23411493875531,2958.073710610304,0.0,2382.0746781735875,344.15902652088056,-37.04080830715734,269.23373063716485,435.44174637293906,461.48582243300416,468.9944793703594,438.3295931113934,390.3281609756961,408.23169702560995,86.02848068413705
7,1820.9944308398422,124.79347365383165,0.3567928057709366,-0.6717130197122783,0.8202577394195055,49,0.0,0.016630214737653217,1.3020603020806936,-0.28657774524718244,1820.9944308398422,124.79347365383165,2342.929991887944,0.0,1897.609039214067,344.1497636979196,-37.03973344489128,206.3389593631176,312.78218650177257,359.91120521641494,291.157511865162,355.0949093637496,380.68483670983767,364.5441537644966,72.41622910339308
8,1798.0694205726465,134.6201876127361,0.6268427191239614,-0.2881816847827764,-0.0610502858617336,49,0.0,0.030919147334792875,1.9725268177773965,-0.7375572910896611,1798.0694205726465,134.6201876127361,3014.816704609747,0.0,2444.6846646270433,344.16173522141725,-37.03565041204774,233.00792989507073,417.1973657017139,469.272794458808,498.39697200946677,428.6022597530712,421.72743141077086,445.6782592716668,100.93369210917871
9,1819.3578080719597,133.76392572893536,0.844938846358549,0.7003176885316064,0.3713971057986571,49,0.0,0.02711646830926626,1.856098247611229,-0.6715024017789404,1819.3578080719597,133.76392572893536,2205.788889749175,0.0,1808.5091171508902,344.1506234994892,-37.035997013688416,197.39146202927657,322.2173452691802,304.0284516803632,289.82341293573603,331.2915347844967,350.864017187227,343.42348412436303,66.74918173853206
10,1868.5130288933733,138.48134847559092,0.7876601004740595,-0.5194116890033375,0.4141424428871855,49,0.0,0.017052178886099733,1.370838064199582,-0.34246538756046996,1868.5130288933733,138.48134847559092,996.4143173310046,0.0,776.4009012255267,344.12497106548756,-37.034004294397924,98.935463148299,128.4465593522593,132.02479510654763,136.25473126593272,147.49094028461025,161.49614488076926,141.79079025139498,49.97489304119133
11,1788.6817116972722,140.89900106562814,0.49570711581489235,-0.47352752999337466,0.4765469028904004,49,0.0,0.021579444359847516,1.5737704861032225,-0.49235349113956384,1788.6817116972722,140.89900106562814,2285.006232137651,0.0,1829.8046819645015,344.16663835026236,-37.033038678790874,187.59364490547375,360.761348894809,331.5822663891238,334.6528275082269,339.2187110617908,339.94471253306403,315.486650426724,75.76607041843849
12,1819.5813961181,145.0041199745189,0.6107533292461618,-0.1972806530297805,0.5996260705429449,49,0.0,0.03564240281765969,3.60664082219186,-1.3927572349841904,1819.5813961181,145.0041199745189,1548.9307915941904,0.0,1228.80796191618,344.1505137518333,-37.031314025436394,128.51645920764315,266.755882395105,192.38243480339156,224.14170558435342,229.26252243784,231.76968391541132,229.04944244828238,47.052660802163686
13,1801.4818091208374,146.53478625574937,0.9375714148795091,-0.5098515910371995,0.38538416423222815,49,0.0,0.020679983669412098,1.2009719946947877,-0.19883220066520627,1801.4818091208374,146.53478625574937,1945.9790181149779,0.0,1497.0379152053915,344.15996092961694,-37.0306850091868,144.998014316672,276.3565946388798,275.1547719339208,301.8744585919221,277.5839212529433,309.7899879637944,285.2633819199439,74.95788749690146
14,1805.5524175997955,151.8799228144746,0.6206550472396567,0.3090563269967983,0.4413080100706639,49,0.0,0.015148931096168309,1.1799529709273082,-0.1796617452276441,1805.5524175997955,151.8799228144746,1782.4818355167117,0.0,1249.9379746039451,344.1578395595445,-37.02845623200861,134.27962935434002,281.710874001823,270.293363211642,263.3569743736017,248.23937589893578,269.42550056386784,250.74667327443962,64.42944483806178
15,1799.3694675077502,153.11931624393006,0.2776864030039051,-0.12497184816005755,-0.07542182091319376,49,0.0,0.01022984344330777,1.241143080371997,-0.23455462585432135,1799.3694675077502,153.11931624393006,1711.1207089145387,0.0,1110.0392856440667,344.1610670638944,-37.027942730029835,124.28747287653194,264.1008254617698,247.11312369204072,254.44562739539828,244.52214521209666,271.3623522249047,244.1798235741653,61.10933847763127
16,1837.0828790036342,152.90035351109645,0.6514205886119744,-0.3094351912578693,0.3637119282402695,49,0.0,0.030334066061321847,2.0861789617927897,-0.7983789035452025,1837.0828790036342,152.90035351109645,2697.6700117533865,0.0,2019.7749638550179,344.1413848764683,-37.02801518838721,219.7743909249353,395.8549265644858,410.6499881342416,389.7617737137367,406.20526600718097,371.5617593106848,427.3813733033022,76.4805337948193
17,1863.5644211441586,154.51626863438406,0.48155800575770996,-0.05799299789380663,0.8724582831476647,49,0.0,0.02268707117484537,2.3592688404016777,-0.9319435796943814,1863.5644211441586,154.51626863438406,1296.431505447325,0.0,1031.800920765794,344.127565773292,-37.02732684733117,98.25658480502315,170.7876927815944,218.77596303802477,189.28115083089716,173.44185902001738,204.35894860294894,198.22498558836855,43.30432078045085
18,1796.561664435963,161.1433588689863,0.30175611006406156,0.03972992605839371,0.5132387657261057,49,0.0,0.012375993972099509,1.07692532289581,-0.08046397277905946,1796.561664435963,161.1433588689863,1459.4389717171257,0.0,696.7672492627364,344.1625368538628,-37.02460101965355,133.55726248142565,199.42958018939896,206.57760439996838,204.7850625881893,254.8217792798395,213.52003738561734,206.89496479782434,39.852680594862235
19,1847.9773522482706,157.86119790133188,0.48686920701022296,-0.34381303410719843,0.202309399100826,49,0.0,0.02466875478744851,2.618567827197465,-1.0451595691340285,1847.9773522482706,157.86119790133188,1838.143180605523,0.0,1333.4977310741835,344.1357026844754,-37.02594237724092,150.41097621454503,282.6340626690061,276.73766192535,269.7281147706509,240.78487657195262,261.9194449394365,280.1072902272909,75.82075328729118
20,1813.9746621886757,161.68772119823421,0.9450707146317203,-0.17924539637576903,0.0867901653699654,49,0.0,0.04282465384226569,2.3055102643142997,-0.9069176501829033,1813.9746621886757,161.68772119823421,3040.1789198055603,0.0,1658.3313538841649,344.15345000007704,-37.02436607940042,276.0493812854742,467.48482436660663,450.91650713333695,466.32526705615027,435.04434542231553,409.10352931855675,447.72007756311183,87.53498766000807
21,1611.3464547822803,162.09766702974514,0.39355055682114887,0.45860648958538924,-0.05942869998249174,49,0.0,0.014008538066742352,2.4426288460856553,-0.9696437039229315,1611.3464547822803,162.09766702974514,258.3369909569643,0.0,81.91004522596916,344.2591938897256,-37.02424722063145,26.531001752835717,33.03571328108918,30.630609028053925,43.749015269452016,30.629534741709367,45.73702152467127,39.24907905225619,8.775016306896696
22,1824.0358227503798,161.72876197267598,0.3377617008274119,0.5277869125711221,0.08348136356230143,49,0.0,0.06541148600730538,7.333226810567686,-2.1632377939204552,1824.0358227503798,161.72876197267598,4319.243286688837,0.0,2481.4969465604654,344.14819950662087,-37.02434395738793,374.7870447680469,641.3397729628296,666.989410642688,627.0456420807534,627.1358646997311,613.2495953801073,640.5211433573752,128.17481279730492
23,1814.9958167073605,161.71046812727417,0.6102005927064234,0.06294810994891299,0.8097328371144696,49,0.0,0.03229047465925572,2.4105439363707677,-0.9552876291653647,1814.9958167073605,161.71046812727417,3303.285425840974,0.0,1810.3275876871865,344.15291711385066,-37.02435610324733,293.95304508562083,506.8126739116399,495.6446470763088,496.59328466222826,468.1341435074363,446.5242263300119,500.1450045084995,95.47840075922863
24,1802.5891907034652,169.3256954775962,0.31554527547802913,-0.02648281702250587,-0.5315899388426746,49,0.0,0.014205545538983205,1.5557482965689617,-0.47984833533987997,1802.5891907034652,169.3256954775962,1479.7591914432944,0.0,552.5830250495014,344.1593959830604,-37.021189347840874,133.3138435742528,210.83742898850215,225.4905693298398,244.17116770091474,209.4807350945813,206.24171487399246,216.00952892235026,34.21420295886089
25,1825.3355543276368,171.09986558719237,0.41023566177244536,0.2664666535256757,0.8481832439427361,49,0.0,0.01270300985788433,1.1347934407595424,-0.137292042143849,1825.3355543276368,171.09986558719237,2416.2464206907343,0.0,983.8988558819897,344.1475271749065,-37.020439097787246,221.0614114305635,316.2769384807524,342.7755568566092,358.4465346391102,341.0323105200489,361.98894383190964,390.0226350552655,84.6420898764743
26,1833.713077914761,174.46275135828608,0.24553511815813903,-0.15108575191690468,-0.5327327904940587,49,0.0,0.016545443163535883,1.8758672773149858,-0.6830052690511167,1833.713077914761,174.46275135828608,1675.6197197533013,0.0,653.2654930364133,344.14315771611956,-37.01903366584586,142.83952225890462,241.11902750884283,247.19443121231822,252.39009350844864,244.12674700318868,239.90557588623355,256.36974076997757,51.6745816053873
27,1805.4000022279429,175.8424160335595,0.36750489813363124,-0.5294943547967738,-0.17805695155263754,49,0.0,0.013458372768804612,1.6605935292671679,-0.5506583532547262,1805.4000022279429,175.8424160335595,1286.7806476092337,0.0,407.09845682647256,344.1579329603132,-37.01847303815498,110.21112417617184,213.47156769626557,208.81054761340047,197.81508679154393,181.44880100079234,170.42954126612076,174.65385004903936,29.94012901589956
28,1812.2257631274035,180.44065921571487,0.4791569421691923,-0.17823341483945168,-0.5152840864733548,49,0.0,0.012173330559789374,1.0776466210734985,-0.08119092884788903,1812.2257631274035,180.44065921571487,1181.7705872271915,0.0,286.0249426785143,344.15437388590016,-37.01655406350966,109.22445474748979,196.6751322424558,190.5858858659822,180.34159522740262,174.99996432964883,161.14744784317512,136.94501077241478,31.851096198622464
29,1808.3441419783462,185.02859358665393,0.881330411509092,0.3845394449563636,0.06933002327720363,49,0.0,0.01611619896702404,1.2703592478769619,-0.2598163837048094,1808.3441419783462,185.02859358665393,1110.548030006265,0.0,197.11266381332996,344.1564020354078,-37.0146444910148,106.50341104577757,192.00882802773268,162.53480608944142,169.23139644126226,156.12778738071228,147.29101407352312,146.67705253689573,30.17373441091991
30,1853.722127438355,188.31662558910602,0.9220219037092818,-0.22151502068411164,-0.7700484146086498,49,0.0,0.02496671813337613,1.9301308864603857,-0.7139669011983509,1853.722127438355,188.31662558910602,1006.1840200661999,0.0,253.20567918594773,344.1327264194923,-37.013250729760315,90.03465570790533,137.3805835176828,165.4194209298422,139.67474681981318,156.04260609671746,135.22775275693556,153.91426862718043,28.489985610122886
31,1856.090275447758,189.09918686481683,0.42479483948100116,0.8791714963128743,-0.3456343496510397,49,0.0,0.012387544719790634,1.0965020026736558,-0.10002357304644777,1856.090275447758,189.09918686481683,1046.6227074835874,0.0,266.9222371754021,344.131491321308,-37.01292332164763,91.40007264780098,143.55393987289375,168.80680497343815,144.67415296338706,164.53224961823292,146.13171693241662,160.23485714979185,27.28891332562624
32,1836.0703924345044,191.755071444833,0.361818958105624,0.2753258430867926,-0.2987156793344944,49,0.0,0.016253915736824408,2.2794029202220933,-0.8945527508210883,1836.0703924345044,191.755071444833,1019.950393251296,0.0,126.18187895420225,344.1419391073766,-37.01182805198041,88.73101077819683,151.4392266927889,160.670043317296,145.65127831493686,145.55576254002978,150.06216281175028,143.4636831845587,34.37722561173854
33,1825.2022307615164,190.75219275900182,0.3208811129247632,0.042499888338015275,-0.19033983729362888,49,0.0,0.00936930433414092,1.0344918536781074,-0.036817687681822545,1825.2022307615164,190.75219275900182,916.4986343750084,0.0,105.99874824938456,344.1476092081274,-37.01225158616713,79.85260477476092,141.88044054084153,138.3970565614971,127.84854896930324,140.3396634681795,133.95191489985615,130.9985265473066,23.229878613263324
34,1841.574678650158,193.70837214486045,0.5199062195261431,0.03656706596506644,-0.09833164089043593,49,0.0,0.011876204623620249,1.0392339208864059,-0.041783284474789295,1841.574678650158,193.70837214486045,1029.7003212606417,0.0,112.9914914362183,344.13906843714557,-37.011011267693114,92.5202996451174,135.79181536754862,155.8300759289987,158.997479644697,150.65989267326296,152.56190640865557,151.91855839839545,31.42029319396604
35,1455.0877981857593,225.17565488198503,0.6500721321563134,0.06242728539729427,-0.0024726970173504868,49,0.0,0.03448271027794613,5.039098607416941,-1.7558821422865456,1455.0877981857593,225.17565488198503,325.515581877144,0.0,0.0,344.3407132844659,-36.99794347537035,26.04047740286886,45.88196517919539,42.87412020567474,34.902025802674316,50.84761355205832,54.964915164241674,58.007388332689814,11.997076237740913
36,1672.7654437268998,235.7048880012948,0.7092597583896306,0.5222240694025658,0.19174854775786485,49,0.0,0.00804041296298025,1.0784691569009732,-0.08201932311135707,1672.7654437268998,235.7048880012948,104.33067343579168,0.0,0.0,344.22715671948384,-36.99357490621809,7.817697842335363,22.077338194022104,17.67638201921492,12.24425660551994,17.756325775554224,14.409267873516512,10.07047538510136,2.2789297405272566
37,1760.5691540154507,267.66590430493636,0.7119953439776994,-0.02553960324718479,-0.17816110102788474,49,0.0,0.012433770412347018,1.5752705268872393,-0.4933878687194599,1760.5691540154507,267.66590430493636,148.43390541102883,0.0,0.0,344.1813680888227,-36.98023582925932,14.916586598574298,21.24590813296632,28.0235460242828,25.70060208052077,16.8311474024716,21.490442888335892,12.566701669835789,7.658970614041353
38,1581.0534675049512,334.0080395292494,0.5547163420860525,0.063336398919591,-0.1050652647978839,49,0.0,0.006783836000115963,1.1651360766498848,-0.16594162432146162,1581.0534675049512,334.0080395292494,70.16243199764247,0.0,0.0,344.2749931954432,-36.95262453975388,7.83669236948262,11.47828681462854,7.861693377671019,5.681112840679318,16.633033197250192,7.918265886117781,9.183361192686402,3.5699863191265977
39,1064.7028318541604,346.8146042119057,0.3261827658619671,-0.5757783118858422,-0.12188153482167424,49,0.0,0.004826003674689838,1.0418964322798532,-0.04456137724367495,1064.7028318541604,346.8146042119057,117.99130103612077,0.0,0.0,344.54418468169547,-36.946962260610945,11.202240644779351,19.017335101057018,14.826076306338575,12.975226019630785,19.800602918840678,18.792331080138435,14.813381262905256,6.564107702430677
40,1119.3715250303499,352.0033966388385,0.7069778283513324,-0.020284970407976794,-0.26467538272275026,49,0.0,0.030088506562143312,4.170694807660843,-1.5505210283198325,1119.3715250303499,352.0033966388385,268.0777308764792,0.0,0.0,344.51567726741564,-36.944863804841546,27.953520797986258,38.139622526153346,34.3924306428826,37.339595671730734,42.339521441865074,45.32716822650943,39.81773971992379,2.768131849428005
41,1316.0469381373953,374.68567671054,0.7873323037146415,-0.028003058609770485,-0.08237027698433477,49,0.0,0.41290051479872303,53.311242160530234,-4.317047004435608,1316.0469381373953,374.68567671054,2861.087984495045,0.0,0.0,344.4131284220181,-36.935585194140764,248.1680297934837,409.9143278067917,365.88920331513157,405.30633350864343,455.4257930788835,425.9476653460357,457.56056162920913,92.87607001686624
42,1288.0283531272912,423.9593761075023,0.9207004010218501,0.48919960878963376,-0.1380478921960599,49,0.0,0.011913987843860219,1.327090390582783,-0.3072512611821598,1288.0283531272912,423.9593761075023,99.38631035730901,0.0,0.0,344.42768999037486,-36.915037086844016,13.647977813553512,6.048864473102512,18.12134009188117,15.82539675692267,17.720658384160558,15.839217498631614,10.918121859915768,1.264733479141217
43,1665.3067978851664,550.8795797775563,0.7087224805399146,-0.12193107833687167,0.06631102035045303,49,0.0,0.007632192851035634,1.0215109086723635,-0.02310752201469531,1665.3067978851664,550.8795797775563,91.65421847018732,0.0,0.0,344.2311050495117,-36.862263485412186,7.969741899870193,14.882413200956849,18.01759166924507,10.47515938083707,12.564316463250766,13.560097490530143,11.062995920810966,3.1219024446862575
44,1255.9244828899782,571.790190292715,0.36534606887887766,-0.7196369961598289,-0.04820021946355429,49,0.0,0.007269883651713605,1.003362095332924,-0.0036442259363045283,1255.9244828899782,571.790190292715,537.6109138221308,0.0,0.0,344.44427666629855,-36.85342117436392,50.80147682899862,69.36013891626688,64.24368043933006,79.04277203414532,80.48125029033217,84.86712131561647,86.4092134018709,22.405260595570372
45,1572.1758680772687,589.7454506634463,0.6639216414411216,0.1992568259780121,-0.11469516112046732,49,0.0,0.047677850712533096,7.028765523629795,-2.117197639237562,1572.1758680772687,589.7454506634463,387.3748073691337,71.94666945995715,0.0,344.27960138851586,-36.8460741414534,26.624452744424826,60.28240593523866,58.50763739630203,58.28379222830087,49.58903764838536,66.93088031568126,56.83326295706774,10.323338143732958
46,1557.7548672468063,597.0382409380801,0.4126116915048746,0.800555460546217,-0.1312153524434378,49,0.0,0.010433827807613563,1.7009252455560981,-0.5767130677529241,1557.7548672468063,597.0382409380801,179.96611155261917,28.242082332399963,0.0,344.2871089063015,-36.84303447855819,13.844239706393175,24.9423801415423,27.047631055251408,30.436114076265785,24.366640057805,30.26803577667871,22.560369452361158,6.500701286321641
47,1642.0024671999881,604.8614441355198,0.42604439232311025,0.583663573570797,-0.06945387520917744,49,0.0,0.08623145213233617,13.922261976758811,-2.859274504173595,1642.0024671999881,604.8614441355198,1752.5721390801789,0.0,0.0,344.24324744809195,-36.83977510185026,159.02678844191811,247.90053321519161,265.41765782458225,235.63860876441873,269.3060924193313,270.96426918166037,255.51196156550304,48.806227667573516
48,1080.7179213345933,624.6994758283511,0.7975086536689877,0.07952430206118878,0.004909921000386961,49,0.0,0.015523364057766238,1.959392458646618,-0.7303035804845005,1080.7179213345933,624.6994758283511,129.04633653828049,0.0,0.0,344.5354293413741,-36.831205089404634,11.354568433560491,15.386112046165923,16.421526166354894,20.181907042741315,23.63510156637844,17.65808161696324,20.71904841383371,3.689991252282466
49,1669.8702043441835,625.4785707384277,0.385206866560882,0.49580701768393526,-0.10197743594906745,49,0.0,0.01047183126952472,1.9443732907767213,-0.7219491167037053,1669.8702043441835,625.4785707384277,196.46153327733478,0.0,0.0,344.2287431209743,-36.83118156837327,18.481617464369165,41.08006534812117,22.476348743099592,26.503357381644427,22.284420502666265,23.686714492785473,34.68541030551978,7.263599039128913
50,603.8305484955988,663.130703186058,0.5554744638915947,0.0448431012201999,0.051041923188943746,49,0.0,0.01984229860374331,3.1718641514362576,-1.2532864463419924,603.8305484955988,663.130703186058,238.91366971478743,0.0,0.0,344.78355754390975,-36.814373008804914,23.387950731509704,23.458201292667077,46.83163398056916,47.93189521200773,34.00859771123002,29.356974957001615,26.102978608250453,7.835437221551708
51,1522.2874065229203,683.0957026139308,0.34268467218588455,0.20993137033523415,-0.6526980665091873,49,0.0,0.00806935462578073,1.5359013927380836,-0.4659083355206354,1522.2874065229203,683.0957026139308,174.86284266065672,0.0,0.0,344.30555565532427,-36.80717409245061,10.071156527477342,38.07861678002033,21.48263452788103,29.141267758069212,30.537454523549986,23.092712766997828,19.282250523277003,3.176749253383984
52,1824.0938742764429,716.0869591792303,0.7631671833388626,0.6647936108902586,-0.01889150335116805,49,0.0,0.012179561214551464,1.3201926916284,-0.30159331059685623,1824.0938742764429,716.0869591792303,287.71620608785383,3.8547632213414023,0.0,344.148517994661,-36.79337861307762,29.082247579328474,34.12027059552025,47.9129926577467,45.08940126084174,50.75826698945281,31.622262239965075,42.14413014553848,6.9866346194603075
53,1782.4321333160456,742.9665190872583,0.5433606198336329,0.08832923346353627,-0.6592839188263923,49,0.0,0.015559128065814273,1.9572106330175976,-0.7290939162588951,1782.4321333160456,742.9665190872583,845.2939461769234,0.0,0.0,344.1702083363231,-36.78219840418021,92.2628564069912,116.48087961638859,138.81929944288427,126.67766724604081,118.80165580606916,129.23266519704504,104.2429507031247,18.775971758379573
54,1776.2951743992146,746.724280104812,0.4281453283943494,-0.7433607614637586,-0.39731069196947494,49,0.0,0.014314508796081446,1.6330944427234688,-0.5325282523616464,1776.2951743992146,746.724280104812,999.9008440657057,0.0,0.0,344.1734027914779,-36.780635219526836,100.19301927585792,132.8176970868964,163.33812882978336,142.82734159514638,147.80042141287828,158.51852949697266,129.01185755949734,25.393848808673354
55,1352.272091991635,747.7090918493569,0.8186558035257091,-0.14594513353820046,0.2132072490630637,49,0.0,0.010964178504576984,1.346011396278287,-0.3226218423644379,1352.272091991635,747.7090918493569,109.19698987113699,0.0,0.0,344.39398553764147,-36.78019011391879,13.272109795487808,9.211185645831156,11.006934938928826,19.271031623345095,24.824537258827448,19.070096824608846,10.331605064422023,2.2094887196858037
56,1769.5561763942305,748.2487217770604,0.31454523482082,0.003944713606616073,-0.2426384305835858,49,0.0,0.01104688283924137,1.442782070479604,-0.3980018417049568,1769.5561763942305,748.2487217770604,1009.0619067896191,0.0,0.0,344.1769092424057,-36.78000269268136,102.19534723560389,160.42834773581262,144.83971361456923,125.59938964171849,159.5601085207776,153.84828179580427,129.62889120849474,32.961827036838336
57,1735.9878827167706,761.6493455624573,0.5235763876914515,-0.26252592976216876,-0.30415806798134876,49,0.0,0.01188873955371568,1.6964981337761325,-0.573883465595085,1735.9878827167706,761.6493455624573,541.3228030832822,0.0,0.0,344.1943769311647,-36.774430892608954,61.734497614651445,73.43805327626369,83.9658224415111,75.51458884242628,82.22234702999106,67.80002098307567,82.24613218911368,14.401340706249346
58,1767.6988027837729,762.4745566608244,0.503262620762776,-0.14495485170062938,-0.2873131390113813,49,0.0,0.015689763024022016,1.7286097896217063,-0.5942424205185355,1767.6988027837729,762.4745566608244,1388.9208295430262,0.0,0.0,344.177882138381,-36.77407619948677,137.20135947513077,209.16769381813793,213.32731558165648,193.73629664060405,185.57367993649717,198.77742426346688,210.67446977645142,40.46259005108158
59,1778.3607600923647,764.7250284760505,0.6424348380767907,0.051202030555741594,-0.07406894403462469,49,0.0,0.39639574887221424,56.68351669392212,-4.383641966032198,1778.3607600923647,764.7250284760505,4981.894678773163,0.0,0.0,344.1723372210794,-36.77313437315918,455.83139192133706,758.2183714237806,757.9683360253089,709.1969979979294,710.0607560587357,720.9001320827977,744.0940583955772,125.6246348676965
60,1171.3013625588212,773.0380432132266,0.9840868986425116,0.30286335450220864,0.07484101297946995,49,0.0,0.027562934741047377,2.989092695403395,-1.1888484581217673,1171.3013625588212,773.0380432132266,161.66526700665025,0.0,0.0,344.4880975696659,-36.769498016437765,15.503383340811535,21.133464786436864,16.518056863558215,17.98242290285515,25.07999320048436,23.82791316707749,35.750286561265185,5.869746184161457
61,1801.2669206808553,774.2166186459561,0.6087447689469642,-0.35468849080536563,-0.42170293361844974,49,0.0,0.011690004364198096,1.103172401976691,-0.10660847143662491,1801.2669206808553,774.2166186459561,748.9946935813141,0.0,0.0,344.1604275970164,-36.76916987503511,70.19132036898009,115.23434554016231,111.37334058786516,110.52518194727304,108.8154337433009,94.26656026428572,120.5092841308014,18.079226998645517
62,1775.4425243571466,778.6587676833809,0.33814715675979573,-0.06925131641916696,-0.5732131133597695,49,0.0,0.009735729575860781,1.472730311839203,-0.4203080639779859,1775.4425243571466,778.6587676833809,863.5182369345298,0.0,0.0,344.17386201825445,-36.7673300323941,81.11749184087876,116.37670391445327,138.26922386210344,120.1559089051569,142.99952255303694,120.67674734654827,118.5107837782646,25.411854734087683
63,1782.1025883783452,779.0837864210331,0.7345754790016658,0.552120213600621,-0.31337800878160976,49,0.0,0.0108309939264715,1.0116150291368957,-0.012538182124611965,1782.1025883783452,779.0837864210331,879.4647255239588,0.0,0.0,344.1703981661005,-36.76715025973447,81.87486248731183,114.70277281800304,122.25761582641982,126.61968379826803,146.85082388901313,129.62217680646785,130.77077290243838,26.766016996036747
64,2621.04610509033,801.7067843934432,0.7566467526776346,-0.0015706631862913063,-0.007966062103712588,49,0.0,0.015135617604363282,1.9582417766303168,-0.7296657786448396,2621.04610509033,801.7067843934432,146.61496794725153,1.0,0.0,343.7341219950725,-36.75658313235819,16.501219073513127,21.047124680536648,22.449173476749536,26.080160557995807,17.146054842512214,22.725417760764678,18.620939987926974,2.0448775672525588
65,1706.0724897375994,813.3995529781382,0.6283450753038404,0.2589420348377722,-0.1308265581149162,49,0.0,0.030743638909441345,3.8405848926738266,-1.4609934231046429,1706.0724897375994,813.3995529781382,675.8873958442641,0.0,0.0,344.20995345163243,-36.75287723542539,64.9757713835208,90.82254763105365,105.69585547004178,95.30253424046143,95.48976958894471,103.54339154639874,96.27584860588884,23.781677377954107
66,340.1516390772791,831.2067370808506,0.3958186597248707,0.2731511364254801,-0.08693717287533038,49,0.0,0.02353586458875872,4.378006144830853,-1.6031909169858234,340.1516390772791,831.2067370808506,369.1040174399046,1.0,228.91372869225785,344.92018095782254,-36.743673807600956,37.07261530735021,43.38969593286937,58.21047476058278,59.53351186345179,59.60124999625315,41.38877184934835,59.09171752153411,10.815980208514846
67,1027.3748163479668,835.7408955975031,0.8483614128261024,0.010724745518791696,-0.1545199468887794,49,0.0,0.016811216588738288,2.036932416245999,-0.7724415492574688,1027.3748163479668,835.7408955975031,129.57366381728028,0.0,0.0,344.5628576073093,-36.74320974064325,13.662296608602801,22.02443615910252,13.942114237162848,16.231336724991117,16.05622296017459,20.74168393292877,23.231867288120696,3.683705906196935
68,1877.9242688218678,838.2046969681687,0.4537399909762594,-0.05484933162574461,-0.010053827045446837,49,0.0,0.011859950613472824,2.2640967704991364,-0.8872374630878798,1877.9242688218678,838.2046969681687,157.14610061492544,0.0,0.0,344.1206050461861,-36.74246765127558,14.597137025206235,21.801984473987623,21.550113904954323,19.753462627934276,25.15473139506314,22.26233418039605,28.17775326785031,3.8485837395334728
69,1710.904224343867,870.9514612954837,0.6639928612066498,0.4316194104243632,0.07979352996083325,49,0.0,0.017835472762899308,2.2156541564216083,-0.8637549297626423,1710.904224343867,870.9514612954837,273.70076302374537,0.0,0.0,344.2074586117083,-36.72889683451898,25.242570080707882,41.2887083746506,40.28618945262543,46.6157005417613,37.24576704168141,38.625750276382995,40.52176260297694,3.874314652958823
70,2510.4305456112706,875.7873916594256,0.727622770657581,-0.11290851435153718,-0.24547940017852954,49,0.0,0.02034357780209203,2.817108107607941,-1.1245087838086796,2510.4305456112706,875.7873916594256,169.50421129907986,0.0,0.0,343.79183339152144,-36.725959832541214,15.680098984974634,21.8811831011953,21.05979933286746,24.483549213856925,31.107630796157775,29.79162487054866,19.45458003295589,6.0457449665232215
71,1400.7071263337202,917.4410974401372,0.7156777307714925,-0.2130649574172221,-0.30156901910529277,49,0.0,0.00900340990402422,1.178035326398221,-0.1778957851891994,1400.7071263337202,917.4410974401372,113.8120399580569,5.0,0.0,344.36869406321057,-36.70949535090997,10.784606592123469,17.74904194713001,10.33359103580676,18.206941000417977,24.81475634401942,13.343088889211458,17.562218660503643,1.0177954888441694
72,1253.6054827917442,940.8628415045898,0.4440228456523362,0.5905271602632339,0.19366207245844508,49,0.0,0.007009364000892079,1.2721895601340214,-0.26137956834890685,1253.6054827917442,940.8628415045898,106.83415166680393,0.05362801511427697,0.0,344.44512515096255,-36.699645727984716,13.400649839655888,13.763236384372096,14.088633263948193,11.42357207994048,19.698508582359537,15.249759080808552,11.287989628709163,7.92180280701002
73,2012.031823157611,985.8325774630435,0.7546085506979445,0.08007109486113072,0.04574795802767533,49,0.0,0.12924866138676036,17.850715681402438,-3.1291390819683,2012.031823157611,985.8325774630435,807.1101677178115,2.0,0.0,344.05104526823305,-36.680853512632815,77.44166640981757,131.93708642411033,111.8007691275368,100.90367580881376,123.40527811339084,110.20022679986597,123.0666478789874,28.354817155288796
74,2381.9736371673903,1035.1401555248012,0.2733458284199157,-0.06812690232178675,-0.5009766047024885,49,0.0,0.006289058248074539,1.5086848257611503,-0.4464963056530568,2381.9736371673903,1035.1401555248012,126.58240359894847,0.0,0.0,343.85895681651,-36.65981155414713,12.839312518045357,25.699577616235995,13.593182458401584,24.93151741788478,23.736155227824828,11.430473362776294,12.20891206839082,2.143272929388817
75,2247.7758640268585,1035.7580900069918,0.7268417532550195,-0.1838744548692053,0.09482610706544049,49,0.0,0.01068872753039993,1.2243513854820918,-0.21976519255331373,2247.7758640268585,1035.7580900069918,203.67149898040324,0.0,0.0,343.92865849390995,-36.65977028686017,18.781118811888863,40.1175025882363,27.10780759322301,28.641477303853105,25.34799669093203,23.202089764383647,34.8684890586601,5.605017169226164
76,363.7864705661958,1048.3981341917022,0.3666801185084834,-0.6209551909965885,-0.1494544528851877,49,0.0,0.005679675665012691,1.1041421194018413,-0.10756244276640839,363.7864705661958,1048.3981341917022,116.34759827320123,8.442879457423079,0.0,344.90714125632866,-36.65325191229163,14.30411700966549,15.434194016917449,21.639896029154517,17.2858160730979,18.55556928039714,15.0796816760485,6.140830927177271,7.9074932607429655
77,636.3450483055766,1078.5767111540217,0.8404617289593139,0.5756937995253241,0.014399945413429737,49,0.0,0.010917261970163359,1.3567377679347625,-0.3312397869013435,636.3450483055766,1078.5767111540217,96.4085217630288,0.0,0.0,344.7655148988606,-36.64135439109723,9.3037016511067,13.468209360506677,16.32102066976673,18.56210974508187,9.194982693754476,10.161616504387226,19.396881138425115,0.0
78,1910.480615224962,1083.3766541511623,0.6048735239265712,0.10610618508554659,0.07688977273925969,49,0.0,0.008042514449090103,1.2059216238379862,-0.20329770682215986,1910.480615224962,1083.3766541511623,133.81232342104295,0.0,0.0,344.1038898213081,-36.6402936801265,17.58002246383994,23.484864643583744,15.030022854772957,13.890219038824977,20.555670415182234,18.12620490431683,16.291154347184314,8.85416475333794
79,920.0440563770103,1088.929121637229,0.7210599207347284,0.0881245534098597,-0.04811044297808081,49,0.0,0.020308355668273447,2.506222894835776,-0.9975492325795622,920.0440563770103,1088.929121637229,277.6833094380017,0.0,0.0,344.61818219016834,-36.637566775138005,24.018936817678146,39.93874997691125,43.130026825319504,45.47853436589077,36.438866831142946,45.0895080434436,38.332440064851035,5.256246512764449
80,927.8868357944991,1115.396892249315,0.6915389177350704,-0.04307338144287361,-0.11562252465887991,49,0.0,0.017009822556970422,2.332020491884398,-0.9193309058190889,927.8868357944991,1115.396892249315,200.30017978401702,0.0,0.0,344.6140601789656,-36.62655084241499,18.198615968840635,23.680504843122502,40.95775277172083,34.521960405960556,34.59430515144098,23.962179148528893,15.284078939528897,9.100782554873735
81,1686.1100512960265,1115.1531714502723,0.7456566540636304,0.2577750184197074,0.3378966643991182,49,0.0,0.008329911338015174,1.043903531652836,-0.04665091714787367,1686.1100512960265,1115.1531714502723,101.20404504383103,0.0,0.0,344.2204067792158,-36.62715365868771,8.702406207187117,17.90113946463493,10.235050224959512,13.733402251678172,17.18532812595428,13.67154922552642,17.93053848717851,1.8446310567121085
82,1236.0570069345604,1182.3183228375358,0.8665929915150097,-0.008732369661613035,0.07288183102295069,49,0.0,0.10310114251993643,12.61322497437748,-2.7520653551140133,1236.0570069345604,1182.3183228375358,628.4073394454147,0.0,0.0,344.453998562092,-36.599027299262325,55.48733525535383,91.88099769384588,79.51174496679755,94.69171123223695,92.08120329190595,81.14312178910635,108.36619867143784,25.245026544730298
83,660.7342003921376,1213.0805617015765,0.23021633837268451,-0.2258087448690936,-0.48400817272498525,49,0.0,0.00558963468310143,1.1926302753146962,-0.19126457464743699,660.7342003921376,1213.0805617015765,167.36452809449375,0.0,0.0,344.7524979102911,-36.58536608490546,19.62454755796984,18.85977105332204,26.428574277943188,27.24490241631141,16.837707414778468,25.681129874167418,25.722478800391393,6.965416699609994
84,2971.4456332545933,1216.0269436143335,0.8595933929796762,0.3221462672893522,-0.25249166254970207,49,0.0,0.04731178833002404,5.194329828402119,-1.7888238072585871,2971.4456332545933,1216.0269436143335,471.96623251878503,0.0,318.5748362517769,343.55350235115475,-36.583018198384615,46.77284337965947,81.39053419026851,57.010563648227716,65.37961609272219,64.66125884896488,70.56726233572405,72.8909011202965,13.293252902921722
85,785.8926962641299,1238.148378728786,0.3032829299427247,0.6398496252217736,-0.19650543443760496,49,0.0,0.0064086294485063075,1.3703737759922983,-0.3420975980204427,785.8926962641299,1238.148378728786,137.8189808809122,3.0,0.0,344.68749883790804,-36.575168438391344,14.608847186978384,21.44091099084184,16.04912677592106,15.821180907927179,27.47665180380585,29.2733444709648,11.806054072532865,1.3428646719402133
86,742.257762797594,1240.6870150537334,0.8307465624855852,0.2870894301203484,0.07930929536661041,49,0.0,0.016937308678986816,1.520631247425243,-0.45505977638059314,742.257762797594,1240.6870150537334,603.4723677385074,57.15375962853825,0.0,344.71013108593985,-36.574028659057056,67.33250875886364,82.13576555485848,82.00314145589175,89.42512962777883,86.13690924050792,89.36737575859824,85.22456401080191,21.846973331206616
87,1713.4172043797391,1282.2107119443701,0.4761140383438953,-0.6768885694792487,-0.8429312110136163,49,0.0,0.013248093889080603,1.4080972588322418,-0.37158163260361965,1713.4172043797391,1282.2107119443701,767.3133544833368,51.30235607647571,0.0,344.20628197110926,-36.557540883612255,66.25297654057954,111.10094976360405,98.84535685179458,109.1557269000332,130.13667790427814,112.28496206505908,117.4207608290852,22.115943628903008
88,1688.565927891231,1284.5346083334027,0.5057546712354722,0.33563626411716957,-0.06926463733782912,49,0.0,0.010762655701604866,1.2092140768865385,-0.20625798577520194,1688.565927891231,1284.5346083334027,825.6394721388757,33.387628819352145,0.0,344.2191733565253,-36.55657821005154,62.81980641682493,131.1513362981662,127.85149074423049,137.3801801421374,115.78630630431536,120.15004960711222,102.52330775561758,27.97699487047155
89,1706.5227441436055,1285.3603577380416,0.6278478640392974,-0.12980518325170168,-0.34796874537724803,49,0.0,0.019262006033571748,1.7937671063435021,-0.6344151394183939,1706.5227441436055,1285.3603577380416,942.408547379292,111.04240336438585,0.0,344.2098591851915,-36.55623023453864,74.88286272170016,135.90631116359998,140.79620614239084,128.30309054573974,145.6683250163175,142.92266929949938,143.61668271503683,30.312399775007503
90,485.7117954489503,1295.2340920371319,0.5736702514153748,-0.4713133121103752,-0.3141030757666344,49,0.0,0.014029203040868634,1.7660222258248264,-0.6174904124475009,485.7117954489503,1295.2340920371319,270.57703226153,0.0,0.0,344.84305577555915,-36.550733046498024,23.41049453384428,36.21584575076639,49.06478377125978,40.890126471661745,38.83852733068076,37.74429971553701,38.52477387625056,5.888180811529516
91,2307.031914830418,1306.0225105606723,0.5564243234687508,0.07097979370551494,-0.20178057974241323,49,0.0,0.028665420742258047,4.640364901315127,-1.6663803330663527,2307.031914830418,1306.0225105606723,309.00367604223845,0.0,0.0,343.89841471489063,-36.547073090901556,21.603580039873336,44.00220509845414,47.53836230639526,49.348721396160926,44.70370634267668,44.23312498771266,48.01080919829452,9.563166672670963
92,1224.1627607783685,1308.2893024388297,0.7473355246715,-0.08803600036843612,0.03359171883841202,49,0.0,0.5089440332990558,69.2896824623337,-4.60167142768147,1224.1627607783685,1308.2893024388297,3432.928725605958,0.0,0.0,344.4600393336589,-36.54653013560517,280.50940205953214,516.4522938334377,523.7476946518772,498.764498647811,458.41420933769746,519.5477061073196,516.8196576929736,118.67326327530898
93,2331.9597363978028,1314.202322269735,0.7330849644308041,0.07857919694383034,-0.20887234376017,49,0.0,0.014364202642099755,1.8357604455832384,-0.6595400201190837,2331.9597363978028,1314.202322269735,155.7993651809064,0.0,0.0,343.8855030646519,-36.54362467203182,20.788396709614283,16.40157078719467,26.179206075477914,19.7947709935053,26.506733328250316,25.060985178200315,18.184848888664717,2.882853219998882
94,2621.696065555709,1328.0090384893806,0.5643546274639637,0.07324547036265706,-0.23602782058236832,49,0.0,0.007539057076257193,1.216385753805876,-0.21267831271565427,2621.696065555709,1328.0090384893806,110.44131410219619,0.0,0.0,343.73528604774526,-36.5373019780512,7.055421763963983,14.682988441904875,20.901301962813662,11.970055134513489,16.53119241173399,17.153909361510998,19.377738176355365,2.768706849399829
95,2383.5277297585426,1373.2227058078472,0.7076230018262891,0.3696670201771766,-0.19205029522572936,49,0.0,0.09155810943401431,12.62287620708058,-2.7528958077423193,2383.5277297585426,1373.2227058078472,734.0850861773952,0.0,0.0,343.85888840530066,-36.51894585701902,68.0887698934874,90.65856228809801,111.24193852581621,106.25424466061612,109.47917498895731,121.11285516504354,107.27432627979465,19.975214375581956
96,853.9423785041109,1400.5831540713552,0.8633406812236245,0.2613046003881665,0.11455294612536487,49,0.0,0.012664512128927304,1.5292525951711575,-0.46119806544144987,853.9423785041109,1400.5831540713552,106.52160354217395,0.0,0.0,344.65185559412015,-36.50760853679052,14.499701133561565,15.476826325664724,15.70440219887535,14.405903854457094,13.472730898721458,10.458401691298093,17.913493256212192,4.5901441833834795
97,714.7798319874303,1431.1714907597955,0.5532084392562963,-0.8319685700635241,-0.14376229914578278,49,0.0,0.009786478640611542,1.3887806900917508,-0.3565841733740643,714.7798319874303,1431.1714907597955,162.72278157759092,0.0,0.0,344.72391654975195,-36.49460911436004,11.35994918502995,20.343854668109202,30.50438461427304,30.39323061651858,26.56464407912136,17.43111739213245,15.865573071468575,10.260027950937783
98,1543.0495405603633,1509.7140375961494,0.5376013371378785,-0.44836116074833504,0.03582967530255916,49,0.0,0.09093877198582612,11.277588290989392,-2.6305405895661123,1543.0495405603633,1509.7140375961494,2345.6606550742727,0.0,0.0,344.29461846544336,-36.46275869144705,190.61512450082392,367.24266275538827,324.97372035416277,360.4968131280689,331.9687814841491,338.03427355930296,351.1064365698084,81.22284272256864
99,41.45533267931406,1544.6385245531978,0.6731533909281098,0.5535855212837453,-0.045088298569033444,49,0.0,1.3072496907457718,201.41265144986056,-5.760216866664849,41.45533267931406,1544.6385245531978,13279.538182604243,0.0,9.772194301719203,345.0723673737563,-36.44549107727109,0.0,1087.389002155994,850.5377146652306,4207.346053188178,5215.201990405067,3.892139941960009,1755.8695955503144,159.3016866975001
100,2324.899078464708,1610.1119772086106,0.2650024279321603,-0.23775503423769084,-0.5079816178478646,49,0.0,0.004683428834679119,1.1303919510660319,-0.13307264116518697,2324.899078464708,1610.1119772086106,96.76470909502643,0.0,0.0,343.8897613099567,-36.42034334045017,8.150151459624396,11.242555259682229,20.191973124341494,11.551393970351551,12.353508874437662,17.21956447005202,12.982681034418377,3.072880902118704
101,953.6447567366165,1681.2924056180186,0.7011197826575672,-0.03236508155451852,0.11206648996153838,49,0.0,0.03426788469351197,4.708299270896341,-1.6821601496426652,953.6447567366165,1681.2924056180186,299.4401432089786,0.0,0.0,344.59966814168104,-36.39080419651884,22.18871146589115,36.752758728356206,52.428795255325,35.561280381185966,41.52984952450911,43.83397887717109,50.58745974834909,16.55730922819096
102,314.65716821445113,1684.1831848989846,0.6037704782860515,-0.0439317697164253,0.13810270766930915,49,0.0,0.05079613215763541,7.473931624822222,-2.183872800984261,314.65716821445113,1684.1831848989846,546.0643322358594,40.980903103093006,0.0,344.9303770554579,-36.388220917002386,51.885346700813315,72.8207156210187,78.28090923205309,73.49315993094343,76.01111071198977,88.23890313215398,92.86056852406361,12.473618382823403
103,2474.4455454616686,1684.808085417885,0.8608322217034569,-0.016872035658504106,0.06923739851491602,49,0.0,0.009774862002697319,1.15302509712185,-0.15459690098373105,2474.4455454616686,1684.808085417885,94.81195956170777,0.0,0.0,343.81251058929433,-36.388953759415436,7.8906641550376415,8.174972395795638,18.198704338023802,16.611163016565296,12.80043610682631,12.27573793924643,13.850065227203999,5.010216383008647
104,2041.1725115686972,1733.2145562696514,0.5324091395730518,0.8157014544480597,0.07558925364457553,49,0.0,0.006307312877352261,1.0103568790524484,-0.011187006800691306,2041.1725115686972,1733.2145562696514,92.55045914737349,0.0,0.0,344.03682314500094,-36.36942052585774,4.45872364841321,11.48611487307399,16.904290826596213,15.275286682104277,14.285404199265756,15.989798391172869,11.056286498416288,3.094554028330875
105,412.53101332279925,1779.8904071607765,0.5234325925732559,-0.12195032979218098,-0.04034830271160609,49,0.0,0.0075152591288998516,1.1858679161457797,-0.18509079827987387,412.53101332279925,1779.8904071607765,109.68112658909914,0.0,0.0,344.87940837030953,-36.34861555220093,9.112685988560155,28.90710065943862,7.487598332186555,21.091595558613676,12.902527746625713,14.956532379586285,12.129112004077577,3.093973920010554
106,2132.8688502616606,1781.6733891439444,0.6778503717686691,0.15243788407545655,0.18884453440888652,49,0.0,0.017270759847885488,1.3730049797875592,-0.3441802809839781,2132.8688502616606,1781.6733891439444,1146.2334087059846,0.0,0.0,343.9894460502388,-36.34913005611316,68.02873083224856,178.96380174397507,156.14276339219614,176.66234539603172,175.40617752087,167.4998765017067,186.87058332750928,36.65912999144724
107,2145.5892889215183,1787.5626339412386,0.3749954792163065,-0.45432597786882695,-0.4432393811058928,49,0.0,0.03070507532468998,3.8737708503236186,-1.4703348170396935,2145.5892889215183,1787.5626339412386,2353.2646855407,0.0,0.0,343.9828744461078,-36.346660957855825,172.61745146517012,372.21224857872477,326.2829244723209,386.4167786128142,348.88489784981255,335.5729870280534,341.64811230282396,69.62928523098066
108,2154.2421821750822,1789.1619356734673,0.49485073553354186,0.9400707703039619,0.1430282405872962,49,0.0,0.03480486808705056,3.8262463362928987,-1.456932316899927,2154.2421821750822,1789.1619356734673,2212.8070551814894,0.0,0.0,343.97840075350484,-36.345983992212005,151.01633410537403,354.15133742090194,322.26051977758203,349.90725141719247,343.1127135833985,310.59327141088744,326.53851612279675,55.22711134335638
109,2149.9737373722833,1795.5695034520752,0.38194785676467236,0.12830261048950206,0.025802680058141386,49,0.0,0.014943005395771381,1.8260126260765834,-0.6537594404114045,2149.9737373722833,1795.5695034520752,1526.80579466997,0.0,0.0,343.9806185676403,-36.34331945983529,109.68337092702288,229.61384062080484,211.92893100823684,237.6042431194173,247.51239189437337,240.092717560101,209.09999649332582,41.27030304668784
110,1064.054276599861,1849.1405028749912,0.3576177900077482,-0.34518733793304945,-0.8931602529423588,49,0.0,0.009822380989309232,1.430814392320294,-0.38895824998435014,1064.054276599861,1849.1405028749912,401.215902330628,0.0,0.0,344.54227111280875,-36.32101430001768,26.051839543034454,51.197813647395556,67.84402234264218,65.04996706301407,54.65947502183147,60.16833949387417,61.09164299928575,15.152802219550397
111,1068.7759187533777,1849.1847452827003,0.7457387869249154,-0.7749603872136311,-0.8964772803597735,49,0.0,0.010421696679250924,1.1368833877784146,-0.1392898014695686,1068.7759187533777,1849.1847452827003,369.6778422471025,0.0,0.0,344.53982934106807,-36.321001483144094,21.788343565996346,50.50981766846609,60.5260046494798,66.89201339245065,49.7164502225226,53.003803324012374,50.928051830987314,16.313357593187387
112,1026.5454668824855,1865.8114702500895,0.5228032800171517,0.027913088130224403,0.10114048736761642,49,0.0,0.00842341993206233,1.1949326021688766,-0.19335852611498044,1026.5454668824855,1865.8114702500895,163.7951656634334,0.0,0.0,344.5616415209901,-36.314021794097336,20.96932196439747,20.17427261344364,34.58798372381237,19.987964215572095,22.576413577984916,19.979749329620144,24.385663355616842,1.133796882985918
113,1956.0182609084804,1883.3482247578254,0.3017525208534567,0.028258007560274894,-0.032477484340900455,49,0.0,0.00818170436124577,1.749104346408554,-0.6070392974497977,1956.0182609084804,1883.3482247578254,168.60728383085012,0.0,0.0,344.0810348509476,-36.306940947718736,4.426686351723767,30.873569072246852,24.315994864593854,27.69991436808416,21.045514360350204,31.603106883595995,25.290348763914114,3.3521491663411758
114,1401.8276111296684,1957.911834199951,0.5286522343210062,0.19828489651217468,-0.011065679276073088,49,0.0,0.008226166007583198,1.3860887444423051,-0.35447759226191566,1401.8276111296684,1957.911834199951,122.08576605428277,0.0,0.0,344.3675362629566,-36.27596975708321,13.369662097988545,23.454800834404843,16.834091992899705,21.016995002220057,12.649320916274878,11.975073049382964,19.62269547898419,3.1631266821275794
115,509.3849484550103,1974.3961068322915,0.4698209899625954,0.25232239899176134,-0.07900521709741215,49,0.0,0.0069470856161424205,1.1424458270648934,-0.14458903921887098,509.3849484550103,1974.3961068322915,136.7086770097576,0.0,0.0,344.82871980739804,-36.26782187102089,8.713258244130504,20.12500976361256,18.71302785545999,22.990774371266586,17.87666827660067,26.856522501382944,19.895971859076738,1.5374441382276085
116,1868.399147407742,2011.6587464162856,0.6934158460337616,0.2780497474065858,-0.07656417966222298,49,0.0,0.016620190647283775,2.093608335434404,-0.8022385968083057,1868.399147407742,2011.6587464162856,400.6757096430433,0.0,0.0,344.12643294681885,-36.25353953688685,28.741790155162743,61.912956003216856,65.58698207878123,49.331725947379695,64.86933284170144,55.123393424419795,59.56021789457899,15.549311297802593
117,1783.09202057369,2014.5167791902807,0.8217503679364386,0.21051830424568477,0.31640548444663763,49,0.0,0.030416358598042842,2.9810302930429375,-1.1859159733208773,1783.09202057369,2014.5167791902807,1081.2288948033738,0.0,0.0,344.1705117830739,-36.2523913983582,87.95505269101668,168.47683108614422,161.40224282205133,144.75863477327536,157.02494606738964,170.517016921439,164.65666130718574,26.437509134872002
118,1826.654593814205,2015.7518064446922,0.44696854669471026,0.39994289655098453,-0.2711638461059143,49,0.0,0.010897868675015193,1.1323974146979774,-0.13499717296260838,1826.654593814205,2015.7518064446922,1029.1084970498248,0.0,0.0,344.14800450992533,-36.25185702761402,75.290063506177,165.14348227120513,161.41118071430517,136.72871470028008,154.5496786904776,170.7158187138658,143.24923699994162,22.02032145357222
119,1802.4212165983552,2017.3791535901403,0.7640276660012048,0.08718529586547878,0.11756290357626972,49,0.0,0.0178193378013711,1.6077268663842517,-0.5155306730682879,1802.4212165983552,2017.3791535901403,1054.6563419698218,0.0,0.0,344.1605263089234,-36.25119049820318,63.15687917400133,154.56161183149828,167.52396834154248,160.51235903797112,140.7821847693795,175.3139188793591,159.51659602205814,33.288823914011665
120,1772.6527992896918,2019.8686041084416,0.3532210143067594,-0.2958602915511974,-0.012675753369677106,49,0.0,0.00977820976248459,1.4587752697387975,-0.40997098053941905,1772.6527992896918,2019.8686041084416,723.287692655337,0.0,0.0,344.17590810586887,-36.25016560865631,59.676193747296466,107.43429167626584,88.59102754370826,111.22713813703226,103.87852607979087,106.31939957464124,116.98638787613353,29.174728020468542
121,1838.8120835215534,2020.106121176323,0.532423018832951,-0.13288056662942738,0.030397733721168163,49,0.0,0.012292425504973926,1.362582284777089,-0.3359068457122322,1838.8120835215534,2020.106121176323,942.9019879844229,0.0,0.0,344.141725858742,-36.25003647754517,65.49849918163419,148.57448332207923,159.5923082683047,134.13621410095854,149.14733992138997,131.4621585490743,133.7106018238611,20.780382817120813
122,2233.904440502886,2024.977056887619,0.88487127070558,-0.6288872403138285,-0.1892676893669751,49,0.0,0.009336300009747538,1.032598128969383,-0.03482833446489579,2233.904440502886,2024.977056887619,109.51765721952435,0.0,0.0,343.93760562783604,-36.24762438874347,4.236700196484891,12.969222373781735,13.743507681768953,20.757988725357883,17.814609904046744,15.461759327474418,24.533869010609727,0.0
123,1796.3961650432568,2026.3158461037144,0.4259952405388508,0.5889756022237967,0.11860013646287122,49,0.0,0.017058877462181887,2.524065556263404,-1.0052515760674443,1796.3961650432568,2026.3158461037144,722.6664374638362,0.0,0.0,344.16364414718356,-36.24746957982082,58.140767620406194,106.07431270642674,104.46982065145983,105.75362812491977,92.21465544184358,107.22842193202564,123.55345318262385,25.23137780413067
124,1852.053816232887,2028.8830359981903,0.30821656116373536,-0.36374358374022975,-0.33844915919869933,49,0.0,0.01228136694374171,1.6782011095742717,-0.5621100097431055,1852.053816232887,2028.8830359981903,792.7017882912326,0.0,0.0,344.1348904015019,-36.24637226810413,61.498582872750376,115.57149669768475,118.56518070183424,124.5135390164128,119.4295028879227,105.94763312197585,130.24262005695988,16.93323293569195
125,507.1098606490245,2078.297628851421,0.40414919394122234,-0.09979767695083105,-0.07959374992480096,49,0.0,0.024062759292979036,4.518054173100233,-1.6373785849078777,507.1098606490245,2078.297628851421,348.82163489910806,25.35469816898634,0.0,344.8295812202807,-36.22452657344767,27.204639166554564,68.13161568332143,68.5906104184962,46.746771322768325,28.691107647685573,52.24448359799335,51.41234019041254,5.800066871876076
126,580.2000014547751,2122.1836448502454,0.8572503021295373,0.265190990437865,0.09556504216098334,49,0.0,0.035576406697625046,4.199033280491358,-1.557873291903538,580.2000014547751,2122.1836448502454,272.79487228209524,0.0,0.0,344.79170921497854,-36.20641319843076,30.92834599061612,34.59110653508899,39.774755181494115,36.77386831318145,35.84661116268031,42.56313570901698,35.37951165370895,16.937537736308357
127,2647.7795928257738,2153.480729894698,0.45094482479726894,0.0083664397907158,-0.3696443462909637,49,0.0,0.009922775475392696,1.2001946888079236,-0.19812925140406684,2647.7795928257738,2153.480729894698,269.6599564165485,0.0,0.0,343.7241590960741,-36.193311664311196,14.87398159882866,43.32543863499221,42.35286204028739,46.471365798798615,36.71389698037501,40.83440437181413,34.35639591507153,10.731611076380931
128,1536.177163607296,2175.054352157093,0.6171987710538477,0.01246449178373153,-0.019412344689890695,49,0.0,0.04370506556286612,6.553691650918305,-2.041215010278792,1536.177163607296,2175.054352157093,425.33379578430106,31.0,0.0,344.2980603215341,-36.185534068879434,25.988190881085718,65.63987825518088,75.62126108832933,77.24944954833103,56.68906437162962,51.42737953872586,61.08139958526638,11.63717251575221
129,1485.1254178239215,2304.297058795065,0.864886018011024,0.2377828654749766,0.2270915199977447,49,0.0,0.022795439702419554,2.5998096348611255,-1.0373538722769362,1485.1254178239215,2304.297058795065,189.86215532178858,0.0,0.0,344.32437415941075,-36.13167397094778,13.834679876608044,25.304832219089175,26.720989309715556,18.87239513306541,38.15867321077977,35.09351825438128,25.22989179207824,6.647175526071076
130,1728.599162666403,2308.520176193422,0.5854518477907503,0.47840711167534083,0.014144642752090575,49,0.0,0.03592244553960693,4.622024024347757,-1.6620804963099904,1728.599162666403,2308.520176193422,791.9277731642148,0.0,0.0,344.19877139327457,-36.12991095961584,76.73759361344511,113.82185755597757,123.65878660538226,125.50932063263477,112.45717820937057,108.06542874856137,106.42489483107035,25.25271296777281
131,1441.2862324284822,2373.3571964667767,0.44048131028033766,0.7316011901540707,-0.01271881737085485,49,0.0,0.0168870491598931,2.842797549514505,-1.1343648310240584,1441.2862324284822,2373.3571964667767,275.302153150954,0.0,0.0,344.34695976254886,-36.102886459203276,19.866610139998688,50.3359293448399,37.34637044640903,35.325170198690536,49.09056210610153,36.0271857429171,43.898700605807164,3.4116245661900226
132,2011.0143680430624,2421.9445642556316,0.7876568518017424,-0.2701378724085688,-0.03979374875079842,49,0.0,0.018676914515505804,2.076946883468551,-0.793563474713433,2011.0143680430624,2421.9445642556316,287.5431931859913,0.0,0.0,344.0532103517092,-36.08248435572694,20.495812713075892,43.14356958109659,31.91238857442013,50.661800056153865,54.535760841071664,38.95332507241345,41.17299227879,6.6675440689697245
133,1275.381149131429,2556.8197939175534,0.5322391801238449,-0.15857930169178164,-0.20719363346060274,49,0.0,0.009279338124532419,1.3292061836839666,-0.30898088255034617,1275.381149131429,2556.8197939175534,231.16686943487892,0.0,0.0,344.4323513725454,-36.02635829289072,19.510736139742715,40.9895126544136,33.099978843365925,24.248974632569055,38.47419500891168,28.28738260634121,37.218007235826896,9.33808231370785
134,1903.6715045094938,2586.041964647329,0.6058145225449109,-0.12317022704025356,0.012773858941381853,49,0.0,0.02245453931693417,3.3154129904422036,-1.3013440869790878,1903.6715045094938,2586.041964647329,239.31199145864272,0.0,0.0,344.1086883959994,-36.0141982333621,17.849105456474277,26.964187509019002,40.282368118483035,50.91403402771745,35.37216188366099,33.54937960031744,27.469005658667314,6.911749204303215
135,1759.8244559825343,2646.263277978567,0.49596901484283,-0.16116583616933888,-0.07384029760155833,49,0.0,0.013846262235303802,1.5191282415822567,-0.45398609407212065,1759.8244559825343,2646.263277978567,701.6869279630935,0.0,0.0,344.18281127947535,-35.989180679834256,45.608035255654684,102.64649294188308,98.32158770678323,109.18235296647802,118.29795669866658,103.00585052920135,105.36829957836437,19.256352286062135
136,1757.9687512132105,2649.7935409414767,0.36038723310573956,-0.6367472813088987,0.4631341331034019,49,0.0,0.012425918658190148,1.3914534973212007,-0.3586717417411489,1757.9687512132105,2649.7935409414767,730.6619086441459,0.0,0.0,344.183768387259,-35.98771047057657,47.819668106750676,111.5009075306138,101.76863059456568,111.72823303372232,127.1046589320919,105.75579933946167,104.69624908090856,20.28776202603127
137,2598.6808866677343,2695.926784227352,0.32096961128480644,0.7755518399470328,0.31993626633117395,49,0.0,0.03904890196874447,6.368598088202342,-2.010109605341983,2598.6808866677343,2695.926784227352,1178.6641185155404,0.0,1112.1047967123004,343.7509979649216,-35.96742138088469,105.52326537841523,185.23583997137717,213.80186421838698,196.20716882347494,153.82856578536646,154.64639844464241,169.4209065736036,0.00010932027367641457
138,1159.9882195413434,2744.712832968616,0.7722077387729064,-0.04592275776841977,-0.26470410664107796,49,0.0,0.009872729315289196,1.0318405638792807,-0.034031492315449524,1159.9882195413434,2744.712832968616,186.27160847491422,0.0,0.0,344.4915723838822,-35.94797738616925,21.878039369379763,25.156575899929237,25.295671343018604,20.919695988554295,27.435757400180016,30.169812469265217,30.186238344754962,5.229817659832134
139,900.0482351680084,2862.670940408836,0.4211208471361817,-0.3899153403997633,0.940148297927965,49,0.0,0.038363234783041045,5.713599775217428,-1.8922745394070895,900.0482351680084,2862.670940408836,1563.267224840045,0.0,425.1631824432463,344.6251261334415,-35.898507113299,65.75906202783818,280.4759249526124,263.045104318721,205.41235180918034,210.74973243190868,230.6960226881203,258.793516569435,48.335510042229004
140,898.7125984982475,2866.3325451809533,0.5161290024228125,-0.42974094049209355,0.6829434836557554,49,0.0,0.060184239232784445,8.50678012500118,-2.3244130193189556,898.7125984982475,2866.3325451809533,1576.4286061693026,0.0,432.0624384001832,344.6258060448905,-35.896979550415075,63.78374476765558,269.0109872372575,274.3311126477753,226.562510690746,201.9189888425388,240.75105370475967,248.1959610899416,51.87424718862832
141,965.5348231116413,2914.3255885283083,0.2802930217847264,0.759274723310405,0.35392228120830094,49,0.0,0.00648753095696809,1.6771544801309648,-0.5614326666204236,965.5348231116413,2914.3255885283083,246.9106650101249,0.0,58.55261494025679,344.59135448984557,-35.87708247798535,26.18892729247436,53.06465293651578,79.27003076110111,19.071274781911328,38.21176886334815,15.400816313335818,15.703194061438342,0.0
142,963.7839957493472,2919.7142465742236,0.673029734208272,0.1316760419885137,-0.1303237798689818,49,0.0,0.010332467997853586,1.3505478389488765,-0.32627493081172293,963.7839957493472,2919.7142465742236,240.97591429676166,0.0,54.484935158832485,344.59224534797056,-35.87483500708812,21.946171654124527,47.21210170293778,71.44502125309347,19.94885758755826,30.94479393982128,11.717810930951803,37.761157228274556,0.0
143,1886.686916661177,2938.1856970996378,0.5274060488802537,-0.28334052462717835,0.154590610550929,49,0.0,0.030396359007032844,4.464701332740705,-1.6244810299085488,1886.686916661177,2938.1856970996378,479.79818620770715,0.0,205.4105982351541,344.1177138349873,-35.867493740185346,33.25518850603149,76.69017023755562,69.00990715368619,101.93816842135863,57.011471408105535,86.2930195812589,40.129212462101904,15.471048437608943
144,1157.190957249088,2942.5863096681824,0.900675661371602,0.39281796717282436,0.2506992002232008,49,0.0,0.013122813075397432,1.1955711657909585,-0.19393858097146616,1157.190957249088,2942.5863096681824,1334.3437361127026,0.0,369.2946830495988,344.49277149599817,-35.865534798877604,140.9536976167939,200.9528482915924,161.39660774832615,176.38865540376995,237.26550282319474,187.14643758037525,204.81241526216428,25.427571386485727
145,1149.8113605094104,2943.945609856902,0.9152015630088444,0.1434256581479911,0.5016363048000051,49,0.0,0.020627561895175606,1.5063389995017769,-0.44480680058681527,1149.8113605094104,2943.945609856902,1549.517785137531,0.0,422.76690376092523,344.4965638286991,-35.86496125703926,130.71220965339685,231.44217935597266,219.33899448781006,190.56847081680405,285.75074463667755,204.98633493581968,237.51253197433243,49.206319276717984
146,1180.0531853107825,2955.1407743104455,0.47297201276218487,-0.23731730332732154,0.832332697533205,49,0.0,0.055328647188574616,5.126281388468168,-1.7745061037743497,1180.0531853107825,2955.1407743104455,4515.1343302816895,0.0,1255.9519115876872,344.4810030576864,-35.86032593986162,343.0402755311883,734.7490459429173,614.7250210621996,728.7925678708655,641.3187972826639,648.7045748832829,667.8912564553406,135.91279125323103
147,1189.7183116410897,2957.0743326840434,0.5737979549862108,0.2705445615935259,0.742147223915835,49,0.0,0.08298785644545247,7.454208739145155,-2.1810038751864886,1189.7183116410897,2957.0743326840434,5260.860037515334,0.0,1506.3314118831095,344.47603215262376,-35.85952917145508,383.52100658490036,914.5114361914982,825.3396518982315,826.3508543507298,780.7613748905587,731.7343665157059,661.7521910855266,136.8891559981828
148,1194.53130611397,2957.789372354967,0.7468359600308301,-0.8504328934552479,-0.8820985867168636,49,0.0,0.02667563948747551,1.5829089511438437,-0.4986398374511866,1194.53130611397,2957.789372354967,4736.678852653671,0.0,1355.3382312776941,344.4735570770931,-35.85923557357368,356.7551311263996,860.508133845128,746.677835063176,724.974560785028,669.3668835129423,616.3184841773433,654.1777172870611,107.90010685659215
149,1206.632004384684,2961.3314462670787,0.20665476133212696,0.3701996804541237,-0.05555891270495405,49,0.0,0.008219670524160031,1.0700752806063074,-0.07353582926410947,1206.632004384684,2961.3314462670787,1659.3624216235335,0.0,478.08361485764397,344.4673325085489,-35.857770460462866,112.31937227050301,284.8966229843476,249.10647287106923,270.31135402929067,230.7450636612293,197.70488765695285,257.5684546957663,56.710193454374235
150,1209.912166921496,2962.2194686646712,0.4661016691645961,-0.8570752341957462,-0.3657322783070349,49,0.0,0.014979165466972501,1.5207147622892472,-0.4551194046578217,1209.912166921496,2962.2194686646712,1449.6410294103014,0.0,423.320416375467,344.46564531805217,-35.85740330699192,103.98429707416432,240.78425255658732,209.9542383275452,231.32312427327935,210.13142760433067,183.19872615499634,217.650974334115,52.61398908528332
151,1206.6049469541128,2993.361486244483,0.4055083662769633,-0.09339718886432508,0.2747852406822737,49,0.0,0.015902214758649686,2.335634593629756,-0.9210122476598587,1206.6049469541128,2993.361486244483,764.7741727575994,0.0,239.3179593579777,344.46731187084595,-35.84442600915669,60.6097218699639,155.3871729346304,111.23849092590038,127.0891917083939,123.61309314321011,85.13449663203173,96.05855312483868,5.6434524186304
